year,month,splticrm,nextmonth_return
1998,4,A,172
1998,4,A+,102
1998,4,A-,145
1998,4,AA,39
1998,4,AA+,13
1998,4,AA-,76
1998,4,AAA,24
1998,4,B,82
1998,4,B+,173
1998,4,B-,33
1998,4,BB,126
1998,4,BB+,113
1998,4,BB-,173
1998,4,BBB,174
1998,4,BBB+,171
1998,4,BBB-,162
1998,4,CC,1
1998,4,CCC,7
1998,4,CCC+,10
1998,4,CCC-,1
1998,4,D,3
1998,4,N.M.,8
1998,5,A,169
1998,5,A+,104
1998,5,A-,150
1998,5,AA,39
1998,5,AA+,13
1998,5,AA-,76
1998,5,AAA,24
1998,5,B,83
1998,5,B+,173
1998,5,B-,34
1998,5,BB,128
1998,5,BB+,117
1998,5,BB-,174
1998,5,BBB,176
1998,5,BBB+,169
1998,5,BBB-,154
1998,5,CC,1
1998,5,CCC,6
1998,5,CCC+,15
1998,5,CCC-,1
1998,5,D,2
1998,5,N.M.,8
1998,6,A,172
1998,6,A+,107
1998,6,A-,149
1998,6,AA,40
1998,6,AA+,12
1998,6,AA-,76
1998,6,AAA,24
1998,6,B,91
1998,6,B+,165
1998,6,B-,35
1998,6,BB,126
1998,6,BB+,115
1998,6,BB-,176
1998,6,BBB,174
1998,6,BBB+,168
1998,6,BBB-,161
1998,6,CC,1
1998,6,CCC,7
1998,6,CCC+,13
1998,6,CCC-,1
1998,6,D,3
1998,6,N.M.,10
1998,7,A,168
1998,7,A+,105
1998,7,A-,146
1998,7,AA,42
1998,7,AA+,11
1998,7,AA-,77
1998,7,AAA,21
1998,7,B,84
1998,7,B+,169
1998,7,B-,38
1998,7,BB,121
1998,7,BB+,105
1998,7,BB-,159
1998,7,BBB,169
1998,7,BBB+,173
1998,7,BBB-,162
1998,7,CC,1
1998,7,CCC,4
1998,7,CCC+,15
1998,7,CCC-,1
1998,7,D,4
1998,7,N.M.,6
1998,8,A,165
1998,8,A+,101
1998,8,A-,142
1998,8,AA,41
1998,8,AA+,12
1998,8,AA-,77
1998,8,AAA,21
1998,8,B,88
1998,8,B+,167
1998,8,B-,37
1998,8,BB,117
1998,8,BB+,100
1998,8,BB-,157
1998,8,BBB,171
1998,8,BBB+,175
1998,8,BBB-,164
1998,8,CC,2
1998,8,CCC,6
1998,8,CCC+,17
1998,8,D,3
1998,8,N.M.,6
1998,9,A,174
1998,9,A+,116
1998,9,A-,151
1998,9,AA,44
1998,9,AA+,11
1998,9,AA-,82
1998,9,AAA,27
1998,9,B,100
1998,9,B+,186
1998,9,B-,37
1998,9,BB,133
1998,9,BB+,117
1998,9,BB-,185
1998,9,BBB,195
1998,9,BBB+,186
1998,9,BBB-,171
1998,9,CC,3
1998,9,CCC,6
1998,9,CCC+,14
1998,9,CCC-,1
1998,9,D,1
1998,10,A,170
1998,10,A+,119
1998,10,A-,153
1998,10,AA,43
1998,10,AA+,10
1998,10,AA-,80
1998,10,AAA,27
1998,10,B,100
1998,10,B+,185
1998,10,B-,37
1998,10,BB,133
1998,10,BB+,112
1998,10,BB-,181
1998,10,BBB,196
1998,10,BBB+,184
1998,10,BBB-,178
1998,10,CC,3
1998,10,CCC,7
1998,10,CCC+,14
1998,10,CCC-,1
1998,10,D,1
1998,11,A,170
1998,11,A+,124
1998,11,A-,156
1998,11,AA,43
1998,11,AA+,10
1998,11,AA-,75
1998,11,AAA,27
1998,11,B,92
1998,11,B+,188
1998,11,B-,37
1998,11,BB,131
1998,11,BB+,111
1998,11,BB-,185
1998,11,BBB,198
1998,11,BBB+,184
1998,11,BBB-,175
1998,11,CC,4
1998,11,CCC,8
1998,11,CCC+,17
1998,11,CCC-,1
1998,11,D,1
1998,12,A,172
1998,12,A+,123
1998,12,A-,152
1998,12,AA,41
1998,12,AA+,10
1998,12,AA-,74
1998,12,AAA,28
1998,12,B,88
1998,12,B+,190
1998,12,B-,34
1998,12,BB,131
1998,12,BB+,112
1998,12,BB-,184
1998,12,BBB,198
1998,12,BBB+,187
1998,12,BBB-,181
1998,12,CC,7
1998,12,CCC,7
1998,12,CCC+,19
1998,12,CCC-,1
1998,12,D,1
1999,1,A,174
1999,1,A+,119
1999,1,A-,153
1999,1,AA,41
1999,1,AA+,12
1999,1,AA-,77
1999,1,AAA,25
1999,1,B,90
1999,1,B+,188
1999,1,B-,30
1999,1,BB,131
1999,1,BB+,112
1999,1,BB-,183
1999,1,BBB,198
1999,1,BBB+,184
1999,1,BBB-,181
1999,1,CC,6
1999,1,CCC,10
1999,1,CCC+,20
1999,1,D,16
1999,2,A,171
1999,2,A+,120
1999,2,A-,153
1999,2,AA,41
1999,2,AA+,13
1999,2,AA-,78
1999,2,AAA,25
1999,2,B,94
1999,2,B+,185
1999,2,B-,34
1999,2,BB,132
1999,2,BB+,113
1999,2,BB-,184
1999,2,BBB,199
1999,2,BBB+,189
1999,2,BBB-,174
1999,2,CC,6
1999,2,CCC,11
1999,2,CCC+,20
1999,2,CCC-,1
1999,2,D,15
1999,3,A,171
1999,3,A+,120
1999,3,A-,154
1999,3,AA,39
1999,3,AA+,13
1999,3,AA-,77
1999,3,AAA,25
1999,3,B,96
1999,3,B+,189
1999,3,B-,35
1999,3,BB,131
1999,3,BB+,115
1999,3,BB-,178
1999,3,BBB,208
1999,3,BBB+,190
1999,3,BBB-,172
1999,3,CC,7
1999,3,CCC,10
1999,3,CCC+,19
1999,3,D,17
1999,4,A,171
1999,4,A+,120
1999,4,A-,150
1999,4,AA,41
1999,4,AA+,13
1999,4,AA-,77
1999,4,AAA,25
1999,4,B,96
1999,4,B+,186
1999,4,B-,30
1999,4,BB,136
1999,4,BB+,118
1999,4,BB-,183
1999,4,BBB,203
1999,4,BBB+,197
1999,4,BBB-,171
1999,4,CC,7
1999,4,CCC,12
1999,4,CCC+,21
1999,4,CCC-,3
1999,4,D,16
1999,4,SD,1
1999,5,A,172
1999,5,A+,121
1999,5,A-,152
1999,5,AA,41
1999,5,AA+,13
1999,5,AA-,79
1999,5,AAA,24
1999,5,B,93
1999,5,B+,189
1999,5,B-,31
1999,5,BB,134
1999,5,BB+,123
1999,5,BB-,185
1999,5,BBB,208
1999,5,BBB+,190
1999,5,BBB-,169
1999,5,CC,10
1999,5,CCC,9
1999,5,CCC+,21
1999,5,CCC-,2
1999,5,D,20
1999,5,SD,1
1999,6,A,179
1999,6,A+,121
1999,6,A-,147
1999,6,AA,42
1999,6,AA+,13
1999,6,AA-,77
1999,6,AAA,24
1999,6,B,97
1999,6,B+,186
1999,6,B-,28
1999,6,BB,134
1999,6,BB+,123
1999,6,BB-,183
1999,6,BBB,217
1999,6,BBB+,189
1999,6,BBB-,171
1999,6,CC,6
1999,6,CCC,12
1999,6,CCC+,22
1999,6,CCC-,3
1999,6,D,24
1999,6,SD,1
1999,7,A,178
1999,7,A+,123
1999,7,A-,145
1999,7,AA,45
1999,7,AA+,12
1999,7,AA-,76
1999,7,AAA,24
1999,7,B,92
1999,7,B+,189
1999,7,B-,29
1999,7,BB,137
1999,7,BB+,121
1999,7,BB-,181
1999,7,BBB,221
1999,7,BBB+,190
1999,7,BBB-,172
1999,7,CC,8
1999,7,CCC,10
1999,7,CCC+,22
1999,7,CCC-,2
1999,7,D,29
1999,7,SD,1
1999,8,A,174
1999,8,A+,122
1999,8,A-,143
1999,8,AA,43
1999,8,AA+,12
1999,8,AA-,77
1999,8,AAA,24
1999,8,B,102
1999,8,B+,181
1999,8,B-,30
1999,8,BB,134
1999,8,BB+,115
1999,8,BB-,179
1999,8,BBB,220
1999,8,BBB+,191
1999,8,BBB-,177
1999,8,CC,6
1999,8,CCC,11
1999,8,CCC+,21
1999,8,CCC-,2
1999,8,D,32
1999,8,SD,1
1999,9,A,174
1999,9,A+,120
1999,9,A-,141
1999,9,AA,43
1999,9,AA+,11
1999,9,AA-,77
1999,9,AAA,24
1999,9,B,99
1999,9,B+,179
1999,9,B-,32
1999,9,BB,133
1999,9,BB+,117
1999,9,BB-,187
1999,9,BBB,218
1999,9,BBB+,188
1999,9,BBB-,183
1999,9,CC,5
1999,9,CCC,9
1999,9,CCC+,21
1999,9,CCC-,5
1999,9,D,26
1999,9,SD,1
1999,10,A,177
1999,10,A+,119
1999,10,A-,141
1999,10,AA,43
1999,10,AA+,11
1999,10,AA-,77
1999,10,AAA,24
1999,10,B,102
1999,10,B+,179
1999,10,B-,32
1999,10,BB,134
1999,10,BB+,115
1999,10,BB-,186
1999,10,BBB,224
1999,10,BBB+,187
1999,10,BBB-,183
1999,10,CC,5
1999,10,CCC,7
1999,10,CCC+,19
1999,10,CCC-,6
1999,10,D,26
1999,10,SD,1
1999,11,A,176
1999,11,A+,121
1999,11,A-,141
1999,11,AA,42
1999,11,AA+,10
1999,11,AA-,78
1999,11,AAA,25
1999,11,B,99
1999,11,B+,177
1999,11,B-,32
1999,11,BB,128
1999,11,BB+,116
1999,11,BB-,187
1999,11,BBB,217
1999,11,BBB+,189
1999,11,BBB-,180
1999,11,CC,6
1999,11,CCC,11
1999,11,CCC+,23
1999,11,CCC-,4
1999,11,D,27
1999,11,SD,1
1999,12,A,170
1999,12,A+,122
1999,12,A-,145
1999,12,AA,41
1999,12,AA+,8
1999,12,AA-,76
1999,12,AAA,25
1999,12,B,101
1999,12,B+,178
1999,12,B-,33
1999,12,BB,126
1999,12,BB+,117
1999,12,BB-,186
1999,12,BBB,216
1999,12,BBB+,185
1999,12,BBB-,183
1999,12,CC,5
1999,12,CCC,11
1999,12,CCC+,22
1999,12,CCC-,2
1999,12,D,31
1999,12,SD,1
2000,1,A,168
2000,1,A+,123
2000,1,A-,142
2000,1,AA,40
2000,1,AA+,9
2000,1,AA-,75
2000,1,AAA,25
2000,1,B,99
2000,1,B+,181
2000,1,B-,33
2000,1,BB,129
2000,1,BB+,121
2000,1,BB-,181
2000,1,BBB,219
2000,1,BBB+,189
2000,1,BBB-,179
2000,1,CC,6
2000,1,CCC,10
2000,1,CCC+,21
2000,1,CCC-,2
2000,1,D,32
2000,1,SD,1
2000,2,A,169
2000,2,A+,122
2000,2,A-,137
2000,2,AA,44
2000,2,AA+,8
2000,2,AA-,75
2000,2,AAA,25
2000,2,B,98
2000,2,B+,181
2000,2,B-,41
2000,2,BB,132
2000,2,BB+,127
2000,2,BB-,181
2000,2,BBB,220
2000,2,BBB+,193
2000,2,BBB-,176
2000,2,CC,6
2000,2,CCC,8
2000,2,CCC+,23
2000,2,CCC-,2
2000,2,D,32
2000,2,SD,1
2000,3,A,163
2000,3,A+,129
2000,3,A-,134
2000,3,AA,41
2000,3,AA+,8
2000,3,AA-,76
2000,3,AAA,25
2000,3,B,92
2000,3,B+,180
2000,3,B-,42
2000,3,BB,130
2000,3,BB+,126
2000,3,BB-,182
2000,3,BBB,219
2000,3,BBB+,196
2000,3,BBB-,180
2000,3,CC,8
2000,3,CCC,9
2000,3,CCC+,22
2000,3,CCC-,2
2000,3,D,32
2000,3,SD,1
2000,4,A,163
2000,4,A+,128
2000,4,A-,132
2000,4,AA,37
2000,4,AA+,9
2000,4,AA-,80
2000,4,AAA,25
2000,4,B,91
2000,4,B+,180
2000,4,B-,48
2000,4,BB,130
2000,4,BB+,123
2000,4,BB-,180
2000,4,BBB,216
2000,4,BBB+,199
2000,4,BBB-,183
2000,4,CC,5
2000,4,CCC,12
2000,4,CCC+,18
2000,4,CCC-,4
2000,4,D,32
2000,4,SD,1
2000,5,A,162
2000,5,A+,126
2000,5,A-,134
2000,5,AA,37
2000,5,AA+,9
2000,5,AA-,79
2000,5,AAA,25
2000,5,B,93
2000,5,B+,183
2000,5,B-,49
2000,5,BB,132
2000,5,BB+,119
2000,5,BB-,177
2000,5,BBB,214
2000,5,BBB+,200
2000,5,BBB-,179
2000,5,CC,5
2000,5,CCC,12
2000,5,CCC+,15
2000,5,CCC-,5
2000,5,D,36
2000,5,SD,1
2000,6,A,157
2000,6,A+,128
2000,6,A-,135
2000,6,AA,36
2000,6,AA+,8
2000,6,AA-,81
2000,6,AAA,24
2000,6,B,94
2000,6,B+,178
2000,6,B-,53
2000,6,BB,125
2000,6,BB+,123
2000,6,BB-,191
2000,6,BBB,213
2000,6,BBB+,202
2000,6,BBB-,180
2000,6,CC,4
2000,6,CCC,10
2000,6,CCC+,16
2000,6,CCC-,5
2000,6,D,37
2000,6,SD,1
2000,7,A,154
2000,7,A+,126
2000,7,A-,140
2000,7,AA,34
2000,7,AA+,9
2000,7,AA-,82
2000,7,AAA,25
2000,7,B,98
2000,7,B+,181
2000,7,B-,52
2000,7,BB,127
2000,7,BB+,120
2000,7,BB-,192
2000,7,BBB,215
2000,7,BBB+,200
2000,7,BBB-,179
2000,7,CC,2
2000,7,CCC,13
2000,7,CCC+,15
2000,7,CCC-,4
2000,7,D,32
2000,7,SD,1
2000,8,A,158
2000,8,A+,127
2000,8,A-,142
2000,8,AA,34
2000,8,AA+,8
2000,8,AA-,74
2000,8,AAA,25
2000,8,B,102
2000,8,B+,182
2000,8,B-,53
2000,8,BB,129
2000,8,BB+,119
2000,8,BB-,188
2000,8,BBB,218
2000,8,BBB+,198
2000,8,BBB-,176
2000,8,CC,6
2000,8,CCC,13
2000,8,CCC+,13
2000,8,CCC-,5
2000,8,D,32
2000,8,SD,1
2000,9,A,156
2000,9,A+,128
2000,9,A-,146
2000,9,AA,35
2000,9,AA+,9
2000,9,AA-,74
2000,9,AAA,25
2000,9,B,97
2000,9,B+,181
2000,9,B-,52
2000,9,BB,128
2000,9,BB+,114
2000,9,BB-,186
2000,9,BBB,217
2000,9,BBB+,201
2000,9,BBB-,181
2000,9,CC,5
2000,9,CCC,15
2000,9,CCC+,16
2000,9,CCC-,4
2000,9,D,28
2000,9,SD,1
2000,10,A,154
2000,10,A+,132
2000,10,A-,152
2000,10,AA,34
2000,10,AA+,8
2000,10,AA-,72
2000,10,AAA,23
2000,10,B,100
2000,10,B+,180
2000,10,B-,56
2000,10,BB,126
2000,10,BB+,112
2000,10,BB-,186
2000,10,BBB,214
2000,10,BBB+,193
2000,10,BBB-,187
2000,10,CC,5
2000,10,CCC,14
2000,10,CCC+,16
2000,10,CCC-,4
2000,10,D,30
2000,10,SD,1
2000,11,A,155
2000,11,A+,128
2000,11,A-,150
2000,11,AA,34
2000,11,AA+,7
2000,11,AA-,71
2000,11,AAA,24
2000,11,B,100
2000,11,B+,181
2000,11,B-,61
2000,11,BB,132
2000,11,BB+,108
2000,11,BB-,182
2000,11,BBB,209
2000,11,BBB+,195
2000,11,BBB-,194
2000,11,CC,3
2000,11,CCC,16
2000,11,CCC+,19
2000,11,CCC-,4
2000,11,D,33
2000,11,SD,1
2000,12,A,154
2000,12,A+,124
2000,12,A-,154
2000,12,AA,34
2000,12,AA+,6
2000,12,AA-,69
2000,12,AAA,24
2000,12,B,95
2000,12,B+,175
2000,12,B-,62
2000,12,BB,131
2000,12,BB+,108
2000,12,BB-,185
2000,12,BBB,210
2000,12,BBB+,195
2000,12,BBB-,191
2000,12,CC,3
2000,12,CCC,16
2000,12,CCC+,22
2000,12,CCC-,5
2000,12,D,34
2000,12,SD,1
2001,1,A,159
2001,1,A+,113
2001,1,A-,153
2001,1,AA,33
2001,1,AA+,7
2001,1,AA-,69
2001,1,AAA,24
2001,1,B,90
2001,1,B+,173
2001,1,B-,60
2001,1,BB,134
2001,1,BB+,109
2001,1,BB-,185
2001,1,BBB,208
2001,1,BBB+,195
2001,1,BBB-,190
2001,1,CC,3
2001,1,CCC,11
2001,1,CCC+,25
2001,1,CCC-,7
2001,1,D,46
2001,1,SD,1
2001,2,A,158
2001,2,A+,113
2001,2,A-,163
2001,2,AA,33
2001,2,AA+,8
2001,2,AA-,67
2001,2,AAA,23
2001,2,B,87
2001,2,B+,176
2001,2,B-,61
2001,2,BB,134
2001,2,BB+,109
2001,2,BB-,184
2001,2,BBB,212
2001,2,BBB+,186
2001,2,BBB-,187
2001,2,CC,7
2001,2,CCC,12
2001,2,CCC+,22
2001,2,CCC-,5
2001,2,D,50
2001,2,SD,1
2001,3,A,163
2001,3,A+,112
2001,3,A-,164
2001,3,AA,32
2001,3,AA+,9
2001,3,AA-,71
2001,3,AAA,22
2001,3,B,93
2001,3,B+,181
2001,3,B-,54
2001,3,BB,133
2001,3,BB+,110
2001,3,BB-,179
2001,3,BBB,217
2001,3,BBB+,183
2001,3,BBB-,185
2001,3,CC,8
2001,3,CCC,17
2001,3,CCC+,25
2001,3,CCC-,3
2001,3,D,50
2001,3,SD,1
2001,4,A,160
2001,4,A+,112
2001,4,A-,161
2001,4,AA,31
2001,4,AA+,9
2001,4,AA-,71
2001,4,AAA,22
2001,4,B,89
2001,4,B+,176
2001,4,B-,57
2001,4,BB,135
2001,4,BB+,109
2001,4,BB-,174
2001,4,BBB,218
2001,4,BBB+,182
2001,4,BBB-,188
2001,4,CC,5
2001,4,CCC,19
2001,4,CCC+,25
2001,4,CCC-,4
2001,4,D,52
2001,4,SD,1
2001,5,A,155
2001,5,A+,110
2001,5,A-,165
2001,5,AA,32
2001,5,AA+,9
2001,5,AA-,74
2001,5,AAA,22
2001,5,B,96
2001,5,B+,170
2001,5,B-,58
2001,5,BB,140
2001,5,BB+,109
2001,5,BB-,167
2001,5,BBB,215
2001,5,BBB+,188
2001,5,BBB-,189
2001,5,CC,9
2001,5,CCC,18
2001,5,CCC+,24
2001,5,CCC-,5
2001,5,D,54
2001,6,A,160
2001,6,A+,116
2001,6,A-,167
2001,6,AA,31
2001,6,AA+,9
2001,6,AA-,73
2001,6,AAA,22
2001,6,B,94
2001,6,B+,167
2001,6,B-,60
2001,6,BB,142
2001,6,BB+,114
2001,6,BB-,163
2001,6,BBB,217
2001,6,BBB+,185
2001,6,BBB-,191
2001,6,CC,8
2001,6,CCC,17
2001,6,CCC+,24
2001,6,CCC-,5
2001,6,D,58
2001,7,A,161
2001,7,A+,115
2001,7,A-,170
2001,7,AA,32
2001,7,AA+,11
2001,7,AA-,75
2001,7,AAA,22
2001,7,B,92
2001,7,B+,167
2001,7,B-,64
2001,7,BB,146
2001,7,BB+,117
2001,7,BB-,166
2001,7,BBB,215
2001,7,BBB+,189
2001,7,BBB-,191
2001,7,CC,8
2001,7,CCC,16
2001,7,CCC+,21
2001,7,CCC-,6
2001,7,D,60
2001,7,SD,1
2001,8,A,157
2001,8,A+,119
2001,8,A-,172
2001,8,AA,32
2001,8,AA+,11
2001,8,AA-,75
2001,8,AAA,29
2001,8,B,94
2001,8,B+,162
2001,8,B-,57
2001,8,BB,149
2001,8,BB+,120
2001,8,BB-,163
2001,8,BBB,213
2001,8,BBB+,190
2001,8,BBB-,192
2001,8,CC,7
2001,8,CCC,13
2001,8,CCC+,22
2001,8,CCC-,7
2001,8,D,63
2001,8,SD,2
2001,9,A,159
2001,9,A+,121
2001,9,A-,170
2001,9,AA,31
2001,9,AA+,11
2001,9,AA-,75
2001,9,AAA,29
2001,9,B,93
2001,9,B+,164
2001,9,B-,60
2001,9,BB,152
2001,9,BB+,115
2001,9,BB-,159
2001,9,BBB,217
2001,9,BBB+,196
2001,9,BBB-,191
2001,9,CC,4
2001,9,CCC,14
2001,9,CCC+,23
2001,9,CCC-,7
2001,9,D,61
2001,9,SD,4
2001,10,A,153
2001,10,A+,119
2001,10,A-,172
2001,10,AA,31
2001,10,AA+,11
2001,10,AA-,74
2001,10,AAA,30
2001,10,B,88
2001,10,B+,167
2001,10,B-,56
2001,10,BB,151
2001,10,BB+,116
2001,10,BB-,153
2001,10,BBB,221
2001,10,BBB+,200
2001,10,BBB-,195
2001,10,CC,3
2001,10,CCC,19
2001,10,CCC+,28
2001,10,CCC-,6
2001,10,D,66
2001,10,SD,5
2001,11,A,151
2001,11,A+,121
2001,11,A-,167
2001,11,AA,28
2001,11,AA+,8
2001,11,AA-,78
2001,11,AAA,30
2001,11,B,90
2001,11,B+,157
2001,11,B-,56
2001,11,BB,153
2001,11,BB+,113
2001,11,BB-,152
2001,11,BBB,224
2001,11,BBB+,197
2001,11,BBB-,200
2001,11,CC,9
2001,11,CCC,18
2001,11,CCC+,26
2001,11,CCC-,10
2001,11,D,65
2001,11,SD,2
2001,12,A,150
2001,12,A+,117
2001,12,A-,170
2001,12,AA,29
2001,12,AA+,7
2001,12,AA-,79
2001,12,AAA,30
2001,12,B,85
2001,12,B+,158
2001,12,B-,53
2001,12,BB,155
2001,12,BB+,111
2001,12,BB-,151
2001,12,BBB,222
2001,12,BBB+,198
2001,12,BBB-,199
2001,12,CC,8
2001,12,CCC,18
2001,12,CCC+,23
2001,12,CCC-,11
2001,12,D,64
2001,12,SD,4
2002,1,A,150
2002,1,A+,119
2002,1,A-,172
2002,1,AA,29
2002,1,AA+,7
2002,1,AA-,78
2002,1,AAA,30
2002,1,B,90
2002,1,B+,159
2002,1,B-,45
2002,1,BB,150
2002,1,BB+,114
2002,1,BB-,152
2002,1,BBB,220
2002,1,BBB+,192
2002,1,BBB-,203
2002,1,CC,8
2002,1,CCC,20
2002,1,CCC+,26
2002,1,CCC-,11
2002,1,D,62
2002,1,SD,8
2002,2,A,150
2002,2,A+,121
2002,2,A-,167
2002,2,AA,28
2002,2,AA+,7
2002,2,AA-,77
2002,2,AAA,30
2002,2,B,88
2002,2,B+,155
2002,2,B-,48
2002,2,BB,155
2002,2,BB+,112
2002,2,BB-,149
2002,2,BBB,228
2002,2,BBB+,186
2002,2,BBB-,206
2002,2,CC,13
2002,2,CCC,18
2002,2,CCC+,25
2002,2,CCC-,9
2002,2,D,58
2002,2,SD,10
2002,3,A,150
2002,3,A+,120
2002,3,A-,166
2002,3,AA,28
2002,3,AA+,7
2002,3,AA-,75
2002,3,AAA,30
2002,3,B,84
2002,3,B+,159
2002,3,B-,50
2002,3,BB,155
2002,3,BB+,112
2002,3,BB-,153
2002,3,BBB,233
2002,3,BBB+,182
2002,3,BBB-,208
2002,3,CC,14
2002,3,CCC,15
2002,3,CCC+,24
2002,3,CCC-,8
2002,3,D,66
2002,3,SD,8
2002,4,A,151
2002,4,A+,117
2002,4,A-,164
2002,4,AA,26
2002,4,AA+,7
2002,4,AA-,72
2002,4,AAA,30
2002,4,B,85
2002,4,B+,160
2002,4,B-,45
2002,4,BB,155
2002,4,BB+,116
2002,4,BB-,157
2002,4,BBB,237
2002,4,BBB+,188
2002,4,BBB-,211
2002,4,CC,12
2002,4,CCC,14
2002,4,CCC+,26
2002,4,CCC-,7
2002,4,D,48
2002,4,SD,9
2002,5,A,154
2002,5,A+,118
2002,5,A-,157
2002,5,AA,25
2002,5,AA+,7
2002,5,AA-,71
2002,5,AAA,30
2002,5,B,87
2002,5,B+,163
2002,5,B-,45
2002,5,BB,154
2002,5,BB+,116
2002,5,BB-,158
2002,5,BBB,247
2002,5,BBB+,185
2002,5,BBB-,209
2002,5,CC,13
2002,5,CCC,14
2002,5,CCC+,23
2002,5,CCC-,6
2002,5,D,50
2002,5,SD,9
2002,6,A,155
2002,6,A+,119
2002,6,A-,152
2002,6,AA,22
2002,6,AA+,7
2002,6,AA-,71
2002,6,AAA,31
2002,6,B,86
2002,6,B+,161
2002,6,B-,45
2002,6,BB,148
2002,6,BB+,118
2002,6,BB-,164
2002,6,BBB,252
2002,6,BBB+,180
2002,6,BBB-,208
2002,6,CC,11
2002,6,CCC,15
2002,6,CCC+,24
2002,6,CCC-,6
2002,6,D,46
2002,6,SD,8
2002,7,A,151
2002,7,A+,121
2002,7,A-,157
2002,7,AA,24
2002,7,AA+,7
2002,7,AA-,71
2002,7,AAA,29
2002,7,B,89
2002,7,B+,160
2002,7,B-,44
2002,7,BB,147
2002,7,BB+,118
2002,7,BB-,171
2002,7,BBB,251
2002,7,BBB+,177
2002,7,BBB-,210
2002,7,CC,12
2002,7,CCC,14
2002,7,CCC+,25
2002,7,CCC-,5
2002,7,D,43
2002,7,SD,8
2002,8,A,156
2002,8,A+,117
2002,8,A-,159
2002,8,AA,24
2002,8,AA+,7
2002,8,AA-,70
2002,8,AAA,29
2002,8,B,82
2002,8,B+,152
2002,8,B-,45
2002,8,BB,150
2002,8,BB+,117
2002,8,BB-,172
2002,8,BBB,248
2002,8,BBB+,179
2002,8,BBB-,213
2002,8,CC,12
2002,8,CCC,19
2002,8,CCC+,24
2002,8,CCC-,6
2002,8,D,34
2002,8,SD,11
2002,9,A,159
2002,9,A+,119
2002,9,A-,167
2002,9,AA,25
2002,9,AA+,7
2002,9,AA-,65
2002,9,AAA,29
2002,9,B,85
2002,9,B+,143
2002,9,B-,46
2002,9,BB,155
2002,9,BB+,119
2002,9,BB-,178
2002,9,BBB,250
2002,9,BBB+,181
2002,9,BBB-,215
2002,9,CC,9
2002,9,CCC,18
2002,9,CCC+,27
2002,9,CCC-,6
2002,9,D,39
2002,9,SD,11
2002,10,A,155
2002,10,A+,126
2002,10,A-,169
2002,10,AA,27
2002,10,AA+,6
2002,10,AA-,58
2002,10,AAA,31
2002,10,B,89
2002,10,B+,138
2002,10,B-,46
2002,10,BB,150
2002,10,BB+,118
2002,10,BB-,184
2002,10,BBB,259
2002,10,BBB+,173
2002,10,BBB-,217
2002,10,CC,9
2002,10,CCC,19
2002,10,CCC+,26
2002,10,CCC-,6
2002,10,D,44
2002,10,SD,10
2002,11,A,152
2002,11,A+,127
2002,11,A-,172
2002,11,AA,27
2002,11,AA+,6
2002,11,AA-,58
2002,11,AAA,31
2002,11,B,79
2002,11,B+,142
2002,11,B-,46
2002,11,BB,153
2002,11,BB+,116
2002,11,BB-,185
2002,11,BBB,264
2002,11,BBB+,171
2002,11,BBB-,212
2002,11,CC,16
2002,11,CCC,19
2002,11,CCC+,26
2002,11,CCC-,6
2002,11,D,41
2002,11,SD,8
2002,12,A,149
2002,12,A+,131
2002,12,A-,171
2002,12,AA,27
2002,12,AA+,6
2002,12,AA-,53
2002,12,AAA,30
2002,12,B,87
2002,12,B+,135
2002,12,B-,45
2002,12,BB,153
2002,12,BB+,121
2002,12,BB-,187
2002,12,BBB,262
2002,12,BBB+,171
2002,12,BBB-,209
2002,12,CC,12
2002,12,CCC,18
2002,12,CCC+,25
2002,12,CCC-,7
2002,12,D,38
2002,12,SD,8
2003,1,A,148
2003,1,A+,128
2003,1,A-,175
2003,1,AA,26
2003,1,AA+,6
2003,1,AA-,54
2003,1,AAA,29
2003,1,B,83
2003,1,B+,131
2003,1,B-,45
2003,1,BB,149
2003,1,BB+,120
2003,1,BB-,191
2003,1,BBB,267
2003,1,BBB+,171
2003,1,BBB-,209
2003,1,CC,15
2003,1,CCC,19
2003,1,CCC+,25
2003,1,CCC-,9
2003,1,D,34
2003,1,SD,9
2003,2,A,150
2003,2,A+,126
2003,2,A-,173
2003,2,AA,26
2003,2,AA+,6
2003,2,AA-,54
2003,2,AAA,30
2003,2,B,81
2003,2,B+,134
2003,2,B-,45
2003,2,BB,147
2003,2,BB+,126
2003,2,BB-,185
2003,2,BBB,262
2003,2,BBB+,174
2003,2,BBB-,204
2003,2,CC,10
2003,2,CCC,20
2003,2,CCC+,25
2003,2,CCC-,10
2003,2,D,36
2003,2,SD,13
2003,3,A,151
2003,3,A+,122
2003,3,A-,170
2003,3,AA,25
2003,3,AA+,6
2003,3,AA-,56
2003,3,AAA,30
2003,3,B,82
2003,3,B+,137
2003,3,B-,39
2003,3,BB,148
2003,3,BB+,128
2003,3,BB-,184
2003,3,BBB,266
2003,3,BBB+,169
2003,3,BBB-,206
2003,3,CC,9
2003,3,CCC,20
2003,3,CCC+,23
2003,3,CCC-,10
2003,3,D,37
2003,3,SD,12
2003,4,A,150
2003,4,A+,123
2003,4,A-,172
2003,4,AA,25
2003,4,AA+,6
2003,4,AA-,54
2003,4,AAA,30
2003,4,B,75
2003,4,B+,141
2003,4,B-,38
2003,4,BB,142
2003,4,BB+,129
2003,4,BB-,187
2003,4,BBB,264
2003,4,BBB+,169
2003,4,BBB-,207
2003,4,CC,7
2003,4,CCC,21
2003,4,CCC+,25
2003,4,CCC-,7
2003,4,D,41
2003,4,SD,12
2003,5,A,152
2003,5,A+,117
2003,5,A-,176
2003,5,AA,25
2003,5,AA+,6
2003,5,AA-,53
2003,5,AAA,31
2003,5,B,83
2003,5,B+,140
2003,5,B-,38
2003,5,BB,141
2003,5,BB+,135
2003,5,BB-,186
2003,5,BBB,262
2003,5,BBB+,166
2003,5,BBB-,205
2003,5,CC,7
2003,5,CCC,20
2003,5,CCC+,23
2003,5,CCC-,8
2003,5,D,44
2003,5,SD,10
2003,6,A,153
2003,6,A+,115
2003,6,A-,177
2003,6,AA,24
2003,6,AA+,6
2003,6,AA-,53
2003,6,AAA,33
2003,6,B,86
2003,6,B+,146
2003,6,B-,38
2003,6,BB,138
2003,6,BB+,139
2003,6,BB-,184
2003,6,BBB,265
2003,6,BBB+,169
2003,6,BBB-,207
2003,6,CC,6
2003,6,CCC,18
2003,6,CCC+,24
2003,6,CCC-,6
2003,6,D,43
2003,6,SD,6
2003,7,A,156
2003,7,A+,115
2003,7,A-,176
2003,7,AA,23
2003,7,AA+,5
2003,7,AA-,54
2003,7,AAA,32
2003,7,B,84
2003,7,B+,144
2003,7,B-,43
2003,7,BB,144
2003,7,BB+,137
2003,7,BB-,188
2003,7,BBB,275
2003,7,BBB+,165
2003,7,BBB-,200
2003,7,CC,5
2003,7,CCC,17
2003,7,CCC+,19
2003,7,CCC-,10
2003,7,D,45
2003,7,SD,6
2003,8,A,156
2003,8,A+,114
2003,8,A-,173
2003,8,AA,23
2003,8,AA+,5
2003,8,AA-,53
2003,8,AAA,32
2003,8,B,88
2003,8,B+,140
2003,8,B-,45
2003,8,BB,143
2003,8,BB+,141
2003,8,BB-,187
2003,8,BBB,279
2003,8,BBB+,167
2003,8,BBB-,196
2003,8,CC,5
2003,8,CCC,17
2003,8,CCC+,18
2003,8,CCC-,10
2003,8,D,42
2003,8,SD,5
2003,9,A,160
2003,9,A+,110
2003,9,A-,173
2003,9,AA,23
2003,9,AA+,5
2003,9,AA-,53
2003,9,AAA,32
2003,9,B,88
2003,9,B+,144
2003,9,B-,46
2003,9,BB,141
2003,9,BB+,141
2003,9,BB-,188
2003,9,BBB,283
2003,9,BBB+,168
2003,9,BBB-,192
2003,9,CC,5
2003,9,CCC,16
2003,9,CCC+,18
2003,9,CCC-,7
2003,9,D,45
2003,9,SD,5
2003,10,A,168
2003,10,A+,97
2003,10,A-,169
2003,10,AA,23
2003,10,AA+,5
2003,10,AA-,57
2003,10,AAA,32
2003,10,B,87
2003,10,B+,148
2003,10,B-,45
2003,10,BB,139
2003,10,BB+,137
2003,10,BB-,190
2003,10,BBB,287
2003,10,BBB+,168
2003,10,BBB-,191
2003,10,CC,5
2003,10,CCC,14
2003,10,CCC+,20
2003,10,CCC-,6
2003,10,D,45
2003,10,SD,4
2003,11,A,166
2003,11,A+,99
2003,11,A-,168
2003,11,AA,23
2003,11,AA+,5
2003,11,AA-,57
2003,11,AAA,32
2003,11,B,86
2003,11,B+,153
2003,11,B-,50
2003,11,BB,143
2003,11,BB+,136
2003,11,BB-,188
2003,11,BBB,290
2003,11,BBB+,168
2003,11,BBB-,188
2003,11,CC,4
2003,11,CCC,14
2003,11,CCC+,19
2003,11,CCC-,7
2003,11,D,42
2003,11,SD,5
2003,12,A,166
2003,12,A+,99
2003,12,A-,166
2003,12,AA,23
2003,12,AA+,5
2003,12,AA-,61
2003,12,AAA,30
2003,12,B,88
2003,12,B+,153
2003,12,B-,50
2003,12,BB,147
2003,12,BB+,138
2003,12,BB-,190
2003,12,BBB,282
2003,12,BBB+,174
2003,12,BBB-,195
2003,12,CC,2
2003,12,CCC,14
2003,12,CCC+,18
2003,12,CCC-,7
2003,12,D,43
2003,12,SD,5
2004,1,A,169
2004,1,A+,96
2004,1,A-,165
2004,1,AA,23
2004,1,AA+,5
2004,1,AA-,61
2004,1,AAA,30
2004,1,B,91
2004,1,B+,159
2004,1,B-,52
2004,1,BB,146
2004,1,BB+,137
2004,1,BB-,184
2004,1,BBB,281
2004,1,BBB+,174
2004,1,BBB-,195
2004,1,CC,3
2004,1,CCC,14
2004,1,CCC+,17
2004,1,CCC-,7
2004,1,D,42
2004,1,SD,4
2004,2,A,170
2004,2,A+,101
2004,2,A-,162
2004,2,AA,23
2004,2,AA+,5
2004,2,AA-,57
2004,2,AAA,30
2004,2,B,91
2004,2,B+,158
2004,2,B-,51
2004,2,BB,149
2004,2,BB+,134
2004,2,BB-,188
2004,2,BBB,285
2004,2,BBB+,176
2004,2,BBB-,192
2004,2,CC,3
2004,2,CCC,13
2004,2,CCC+,18
2004,2,CCC-,7
2004,2,D,39
2004,2,SD,4
2004,3,A,172
2004,3,A+,98
2004,3,A-,164
2004,3,AA,23
2004,3,AA+,5
2004,3,AA-,57
2004,3,AAA,30
2004,3,B,92
2004,3,B+,162
2004,3,B-,52
2004,3,BB,154
2004,3,BB+,129
2004,3,BB-,190
2004,3,BBB,284
2004,3,BBB+,177
2004,3,BBB-,193
2004,3,CC,2
2004,3,CCC,14
2004,3,CCC+,20
2004,3,CCC-,7
2004,3,D,36
2004,3,SD,4
2004,4,A,168
2004,4,A+,97
2004,4,A-,167
2004,4,AA,24
2004,4,AA+,4
2004,4,AA-,57
2004,4,AAA,30
2004,4,B,91
2004,4,B+,162
2004,4,B-,53
2004,4,BB,151
2004,4,BB+,131
2004,4,BB-,196
2004,4,BBB,282
2004,4,BBB+,177
2004,4,BBB-,204
2004,4,CC,3
2004,4,CCC,13
2004,4,CCC+,20
2004,4,CCC-,6
2004,4,D,25
2004,4,SD,4
2004,5,A,169
2004,5,A+,96
2004,5,A-,169
2004,5,AA,24
2004,5,AA+,4
2004,5,AA-,56
2004,5,AAA,30
2004,5,B,89
2004,5,B+,172
2004,5,B-,48
2004,5,BB,150
2004,5,BB+,136
2004,5,BB-,192
2004,5,BBB,279
2004,5,BBB+,181
2004,5,BBB-,201
2004,5,CC,3
2004,5,CCC,17
2004,5,CCC+,19
2004,5,CCC-,5
2004,5,D,26
2004,5,SD,3
2004,6,A,170
2004,6,A+,96
2004,6,A-,172
2004,6,AA,24
2004,6,AA+,4
2004,6,AA-,55
2004,6,AAA,30
2004,6,B,94
2004,6,B+,174
2004,6,B-,44
2004,6,BB,153
2004,6,BB+,131
2004,6,BB-,194
2004,6,BBB,281
2004,6,BBB+,187
2004,6,BBB-,208
2004,6,CC,3
2004,6,CCC,17
2004,6,CCC+,19
2004,6,CCC-,4
2004,6,D,24
2004,6,SD,3
2004,7,A,170
2004,7,A+,98
2004,7,A-,174
2004,7,AA,26
2004,7,AA+,4
2004,7,AA-,52
2004,7,AAA,30
2004,7,B,94
2004,7,B+,173
2004,7,B-,43
2004,7,BB,156
2004,7,BB+,131
2004,7,BB-,197
2004,7,BBB,279
2004,7,BBB+,188
2004,7,BBB-,209
2004,7,CC,2
2004,7,CCC,16
2004,7,CCC+,21
2004,7,CCC-,3
2004,7,D,23
2004,7,SD,3
2004,8,A,168
2004,8,A+,102
2004,8,A-,173
2004,8,AA,24
2004,8,AA+,4
2004,8,AA-,50
2004,8,AAA,30
2004,8,B,93
2004,8,B+,171
2004,8,B-,48
2004,8,BB,156
2004,8,BB+,129
2004,8,BB-,198
2004,8,BBB,278
2004,8,BBB+,192
2004,8,BBB-,209
2004,8,CC,2
2004,8,CCC,16
2004,8,CCC+,19
2004,8,CCC-,3
2004,8,D,22
2004,8,SD,3
2004,9,A,169
2004,9,A+,102
2004,9,A-,170
2004,9,AA,24
2004,9,AA+,4
2004,9,AA-,49
2004,9,AAA,30
2004,9,B,95
2004,9,B+,175
2004,9,B-,48
2004,9,BB,155
2004,9,BB+,127
2004,9,BB-,197
2004,9,BBB,280
2004,9,BBB+,197
2004,9,BBB-,209
2004,9,CC,3
2004,9,CCC,16
2004,9,CCC+,17
2004,9,CCC-,2
2004,9,D,21
2004,9,SD,4
2004,10,A,169
2004,10,A+,98
2004,10,A-,167
2004,10,AA,23
2004,10,AA+,4
2004,10,AA-,53
2004,10,AAA,30
2004,10,B,93
2004,10,B+,176
2004,10,B-,51
2004,10,BB,160
2004,10,BB+,130
2004,10,BB-,197
2004,10,BBB,279
2004,10,BBB+,196
2004,10,BBB-,215
2004,10,CC,3
2004,10,CCC,14
2004,10,CCC+,20
2004,10,CCC-,2
2004,10,D,19
2004,10,SD,4
2004,11,A,170
2004,11,A+,97
2004,11,A-,163
2004,11,AA,23
2004,11,AA+,4
2004,11,AA-,54
2004,11,AAA,32
2004,11,B,90
2004,11,B+,176
2004,11,B-,54
2004,11,BB,165
2004,11,BB+,128
2004,11,BB-,195
2004,11,BBB,278
2004,11,BBB+,200
2004,11,BBB-,212
2004,11,CC,4
2004,11,CCC,15
2004,11,CCC+,18
2004,11,CCC-,2
2004,11,D,18
2004,11,SD,4
2004,12,A,170
2004,12,A+,95
2004,12,A-,163
2004,12,AA,23
2004,12,AA+,4
2004,12,AA-,56
2004,12,AAA,32
2004,12,B,84
2004,12,B+,172
2004,12,B-,59
2004,12,BB,161
2004,12,BB+,130
2004,12,BB-,202
2004,12,BBB,275
2004,12,BBB+,201
2004,12,BBB-,210
2004,12,CC,3
2004,12,CCC,13
2004,12,CCC+,18
2004,12,CCC-,2
2004,12,D,16
2004,12,SD,4
2005,1,A,168
2005,1,A+,94
2005,1,A-,165
2005,1,AA,23
2005,1,AA+,4
2005,1,AA-,56
2005,1,AAA,23
2005,1,B,87
2005,1,B+,170
2005,1,B-,58
2005,1,BB,163
2005,1,BB+,129
2005,1,BB-,201
2005,1,BBB,272
2005,1,BBB+,203
2005,1,BBB-,214
2005,1,CC,6
2005,1,CCC,11
2005,1,CCC+,19
2005,1,CCC-,1
2005,1,D,12
2005,1,SD,3
2005,2,A,171
2005,2,A+,95
2005,2,A-,164
2005,2,AA,22
2005,2,AA+,4
2005,2,AA-,59
2005,2,AAA,23
2005,2,B,90
2005,2,B+,171
2005,2,B-,53
2005,2,BB,164
2005,2,BB+,128
2005,2,BB-,199
2005,2,BBB,282
2005,2,BBB+,203
2005,2,BBB-,207
2005,2,CC,5
2005,2,CCC,11
2005,2,CCC+,21
2005,2,CCC-,1
2005,2,D,13
2005,2,SD,3
2005,3,A,171
2005,3,A+,95
2005,3,A-,167
2005,3,AA,22
2005,3,AA+,5
2005,3,AA-,61
2005,3,AAA,23
2005,3,B,91
2005,3,B+,160
2005,3,B-,53
2005,3,BB,171
2005,3,BB+,129
2005,3,BB-,199
2005,3,BBB,280
2005,3,BBB+,195
2005,3,BBB-,208
2005,3,CC,5
2005,3,CCC,11
2005,3,CCC+,19
2005,3,CCC-,1
2005,3,D,11
2005,3,SD,2
2005,4,A,170
2005,4,A+,98
2005,4,A-,166
2005,4,AA,22
2005,4,AA+,5
2005,4,AA-,61
2005,4,AAA,23
2005,4,B,86
2005,4,B+,162
2005,4,B-,59
2005,4,BB,169
2005,4,BB+,125
2005,4,BB-,209
2005,4,BBB,278
2005,4,BBB+,201
2005,4,BBB-,202
2005,4,CC,2
2005,4,CCC,11
2005,4,CCC+,22
2005,4,CCC-,1
2005,4,D,14
2005,4,SD,1
2005,5,A,169
2005,5,A+,99
2005,5,A-,167
2005,5,AA,22
2005,5,AA+,5
2005,5,AA-,60
2005,5,AAA,23
2005,5,B,83
2005,5,B+,152
2005,5,B-,60
2005,5,BB,175
2005,5,BB+,123
2005,5,BB-,219
2005,5,BBB,275
2005,5,BBB+,205
2005,5,BBB-,197
2005,5,CC,2
2005,5,CCC,11
2005,5,CCC+,22
2005,5,CCC-,1
2005,5,D,12
2005,5,SD,1
2005,6,A,172
2005,6,A+,100
2005,6,A-,164
2005,6,AA,23
2005,6,AA+,4
2005,6,AA-,60
2005,6,AAA,23
2005,6,B,78
2005,6,B+,150
2005,6,B-,58
2005,6,BB,177
2005,6,BB+,124
2005,6,BB-,216
2005,6,BBB,266
2005,6,BBB+,214
2005,6,BBB-,202
2005,6,CC,2
2005,6,CCC,11
2005,6,CCC+,25
2005,6,CCC-,2
2005,6,D,11
2005,6,SD,1
2005,7,A,171
2005,7,A+,97
2005,7,A-,167
2005,7,AA,25
2005,7,AA+,4
2005,7,AA-,64
2005,7,AAA,23
2005,7,B,78
2005,7,B+,156
2005,7,B-,55
2005,7,BB,181
2005,7,BB+,129
2005,7,BB-,213
2005,7,BBB,267
2005,7,BBB+,209
2005,7,BBB-,201
2005,7,CC,4
2005,7,CCC,9
2005,7,CCC+,23
2005,7,CCC-,2
2005,7,D,10
2005,7,SD,1
2005,8,A,174
2005,8,A+,95
2005,8,A-,170
2005,8,AA,26
2005,8,AA+,4
2005,8,AA-,65
2005,8,AAA,23
2005,8,B,77
2005,8,B+,161
2005,8,B-,52
2005,8,BB,175
2005,8,BB+,127
2005,8,BB-,211
2005,8,BBB,267
2005,8,BBB+,209
2005,8,BBB-,198
2005,8,CC,4
2005,8,CCC,10
2005,8,CCC+,25
2005,8,CCC-,1
2005,8,D,11
2005,8,SD,1
2005,9,A,174
2005,9,A+,93
2005,9,A-,172
2005,9,AA,26
2005,9,AA+,4
2005,9,AA-,65
2005,9,AAA,23
2005,9,B,77
2005,9,B+,163
2005,9,B-,55
2005,9,BB,179
2005,9,BB+,129
2005,9,BB-,211
2005,9,BBB,262
2005,9,BBB+,213
2005,9,BBB-,192
2005,9,CC,3
2005,9,CCC,10
2005,9,CCC+,24
2005,9,CCC-,1
2005,9,D,9
2005,9,SD,1
2005,10,A,173
2005,10,A+,94
2005,10,A-,169
2005,10,AA,24
2005,10,AA+,4
2005,10,AA-,59
2005,10,AAA,23
2005,10,B,74
2005,10,B+,165
2005,10,B-,55
2005,10,BB,179
2005,10,BB+,126
2005,10,BB-,208
2005,10,BBB,269
2005,10,BBB+,219
2005,10,BBB-,187
2005,10,CC,3
2005,10,CCC,8
2005,10,CCC+,23
2005,10,CCC-,1
2005,10,D,9
2005,10,SD,1
2005,11,A,172
2005,11,A+,100
2005,11,A-,180
2005,11,AA,24
2005,11,AA+,4
2005,11,AA-,60
2005,11,AAA,26
2005,11,B,76
2005,11,B+,158
2005,11,B-,55
2005,11,BB,183
2005,11,BB+,125
2005,11,BB-,217
2005,11,BBB,273
2005,11,BBB+,219
2005,11,BBB-,191
2005,11,CC,2
2005,11,CCC,9
2005,11,CCC+,23
2005,11,CCC-,2
2005,11,D,8
2005,11,SD,1
2005,12,A,172
2005,12,A+,99
2005,12,A-,185
2005,12,AA,24
2005,12,AA+,4
2005,12,AA-,62
2005,12,AAA,26
2005,12,B,83
2005,12,B+,163
2005,12,B-,55
2005,12,BB,186
2005,12,BB+,123
2005,12,BB-,206
2005,12,BBB,274
2005,12,BBB+,211
2005,12,BBB-,188
2005,12,CC,3
2005,12,CCC,8
2005,12,CCC+,22
2005,12,D,9
2005,12,SD,1
2006,1,A,163
2006,1,A+,90
2006,1,A-,165
2006,1,AA,25
2006,1,AA+,4
2006,1,AA-,64
2006,1,AAA,17
2006,1,B,79
2006,1,B+,165
2006,1,B-,55
2006,1,BB,179
2006,1,BB+,121
2006,1,BB-,198
2006,1,BBB,246
2006,1,BBB+,194
2006,1,BBB-,181
2006,1,CC,3
2006,1,CCC,6
2006,1,CCC+,23
2006,1,CCC-,1
2006,1,D,8
2006,1,SD,1
2006,2,A,144
2006,2,A+,88
2006,2,A-,156
2006,2,AA,23
2006,2,AA+,6
2006,2,AA-,61
2006,2,AAA,16
2006,2,B,80
2006,2,B+,169
2006,2,B-,53
2006,2,BB,173
2006,2,BB+,114
2006,2,BB-,198
2006,2,BBB,233
2006,2,BBB+,183
2006,2,BBB-,171
2006,2,CC,2
2006,2,CCC,7
2006,2,CCC+,25
2006,2,CCC-,1
2006,2,D,7
2006,2,SD,1
2006,3,A,141
2006,3,A+,89
2006,3,A-,157
2006,3,AA,23
2006,3,AA+,6
2006,3,AA-,61
2006,3,AAA,16
2006,3,B,83
2006,3,B+,170
2006,3,B-,58
2006,3,BB,170
2006,3,BB+,114
2006,3,BB-,203
2006,3,BBB,233
2006,3,BBB+,184
2006,3,BBB-,168
2006,3,CC,2
2006,3,CCC,7
2006,3,CCC+,21
2006,3,CCC-,2
2006,3,D,7
2006,3,SD,1
2006,4,A,144
2006,4,A+,90
2006,4,A-,152
2006,4,AA,22
2006,4,AA+,6
2006,4,AA-,62
2006,4,AAA,16
2006,4,B,88
2006,4,B+,168
2006,4,B-,62
2006,4,BB,170
2006,4,BB+,109
2006,4,BB-,200
2006,4,BBB,237
2006,4,BBB+,181
2006,4,BBB-,167
2006,4,CC,2
2006,4,CCC,6
2006,4,CCC+,21
2006,4,CCC-,2
2006,4,D,6
2006,4,SD,1
2006,5,A,146
2006,5,A+,86
2006,5,A-,148
2006,5,AA,22
2006,5,AA+,6
2006,5,AA-,64
2006,5,AAA,16
2006,5,B,86
2006,5,B+,165
2006,5,B-,66
2006,5,BB,172
2006,5,BB+,110
2006,5,BB-,205
2006,5,BBB,239
2006,5,BBB+,182
2006,5,BBB-,163
2006,5,CC,2
2006,5,CCC,6
2006,5,CCC+,18
2006,5,CCC-,4
2006,5,D,7
2006,5,SD,1
2006,6,A,143
2006,6,A+,87
2006,6,A-,148
2006,6,AA,21
2006,6,AA+,6
2006,6,AA-,65
2006,6,AAA,16
2006,6,B,91
2006,6,B+,170
2006,6,B-,65
2006,6,BB,169
2006,6,BB+,114
2006,6,BB-,198
2006,6,BBB,235
2006,6,BBB+,180
2006,6,BBB-,154
2006,6,CC,2
2006,6,CCC,6
2006,6,CCC+,18
2006,6,CCC-,3
2006,6,D,6
2006,6,SD,1
2006,7,A,138
2006,7,A+,87
2006,7,A-,148
2006,7,AA,21
2006,7,AA+,6
2006,7,AA-,63
2006,7,AAA,16
2006,7,B,89
2006,7,B+,172
2006,7,B-,62
2006,7,BB,170
2006,7,BB+,114
2006,7,BB-,197
2006,7,BBB,234
2006,7,BBB+,183
2006,7,BBB-,157
2006,7,CC,2
2006,7,CCC,8
2006,7,CCC+,18
2006,7,CCC-,3
2006,7,D,7
2006,7,SD,1
2006,8,A,137
2006,8,A+,87
2006,8,A-,149
2006,8,AA,22
2006,8,AA+,6
2006,8,AA-,62
2006,8,AAA,16
2006,8,B,83
2006,8,B+,169
2006,8,B-,57
2006,8,BB,175
2006,8,BB+,115
2006,8,BB-,198
2006,8,BBB,232
2006,8,BBB+,183
2006,8,BBB-,154
2006,8,CC,2
2006,8,CCC,13
2006,8,CCC+,17
2006,8,CCC-,3
2006,8,D,7
2006,8,SD,1
2006,9,A,136
2006,9,A+,84
2006,9,A-,150
2006,9,AA,24
2006,9,AA+,6
2006,9,AA-,62
2006,9,AAA,16
2006,9,B,84
2006,9,B+,172
2006,9,B-,54
2006,9,BB,174
2006,9,BB+,116
2006,9,BB-,204
2006,9,BBB,231
2006,9,BBB+,182
2006,9,BBB-,153
2006,9,CC,2
2006,9,CCC,13
2006,9,CCC+,17
2006,9,CCC-,3
2006,9,D,8
2006,9,SD,1
2006,10,A,134
2006,10,A+,82
2006,10,A-,147
2006,10,AA,23
2006,10,AA+,6
2006,10,AA-,64
2006,10,AAA,16
2006,10,B,85
2006,10,B+,172
2006,10,B-,55
2006,10,BB,173
2006,10,BB+,114
2006,10,BB-,204
2006,10,BBB,238
2006,10,BBB+,182
2006,10,BBB-,149
2006,10,CC,2
2006,10,CCC,10
2006,10,CCC+,17
2006,10,CCC-,1
2006,10,D,8
2006,10,SD,1
2006,11,A,130
2006,11,A+,84
2006,11,A-,146
2006,11,AA,25
2006,11,AA+,6
2006,11,AA-,62
2006,11,AAA,16
2006,11,B,84
2006,11,B+,169
2006,11,B-,58
2006,11,BB,173
2006,11,BB+,112
2006,11,BB-,203
2006,11,BBB,241
2006,11,BBB+,176
2006,11,BBB-,153
2006,11,CC,3
2006,11,CCC,11
2006,11,CCC+,15
2006,11,CCC-,1
2006,11,D,8
2006,11,SD,1
2006,12,A,130
2006,12,A+,84
2006,12,A-,145
2006,12,AA,24
2006,12,AA+,6
2006,12,AA-,62
2006,12,AAA,16
2006,12,B,84
2006,12,B+,167
2006,12,B-,59
2006,12,BB,169
2006,12,BB+,112
2006,12,BB-,208
2006,12,BBB,235
2006,12,BBB+,180
2006,12,BBB-,153
2006,12,CC,3
2006,12,CCC,11
2006,12,CCC+,16
2006,12,CCC-,1
2006,12,D,8
2006,12,SD,1
2007,1,A,127
2007,1,A+,84
2007,1,A-,145
2007,1,AA,25
2007,1,AA+,6
2007,1,AA-,62
2007,1,AAA,16
2007,1,B,89
2007,1,B+,165
2007,1,B-,58
2007,1,BB,158
2007,1,BB+,114
2007,1,BB-,212
2007,1,BBB,230
2007,1,BBB+,177
2007,1,BBB-,156
2007,1,CC,3
2007,1,CCC,11
2007,1,CCC+,17
2007,1,CCC-,1
2007,1,D,8
2007,1,SD,1
2007,2,A,129
2007,2,A+,80
2007,2,A-,145
2007,2,AA,32
2007,2,AA+,7
2007,2,AA-,55
2007,2,AAA,16
2007,2,B,97
2007,2,B+,171
2007,2,B-,56
2007,2,BB,155
2007,2,BB+,114
2007,2,BB-,200
2007,2,BBB,228
2007,2,BBB+,174
2007,2,BBB-,158
2007,2,CC,3
2007,2,CCC,11
2007,2,CCC+,15
2007,2,CCC-,1
2007,2,D,8
2007,2,SD,1
2007,3,A,130
2007,3,A+,74
2007,3,A-,144
2007,3,AA,37
2007,3,AA+,7
2007,3,AA-,55
2007,3,AAA,16
2007,3,B,100
2007,3,B+,166
2007,3,B-,55
2007,3,BB,158
2007,3,BB+,121
2007,3,BB-,197
2007,3,BBB,223
2007,3,BBB+,176
2007,3,BBB-,159
2007,3,CC,3
2007,3,CCC,10
2007,3,CCC+,15
2007,3,CCC-,1
2007,3,D,9
2007,3,SD,1
2007,4,A,131
2007,4,A+,76
2007,4,A-,144
2007,4,AA,38
2007,4,AA+,7
2007,4,AA-,56
2007,4,AAA,16
2007,4,B,105
2007,4,B+,169
2007,4,B-,54
2007,4,BB,153
2007,4,BB+,118
2007,4,BB-,194
2007,4,BBB,221
2007,4,BBB+,167
2007,4,BBB-,168
2007,4,CC,3
2007,4,CCC,7
2007,4,CCC+,15
2007,4,CCC-,1
2007,4,D,8
2007,4,SD,1
2007,5,A,130
2007,5,A+,75
2007,5,A-,142
2007,5,AA,39
2007,5,AA+,7
2007,5,AA-,52
2007,5,AAA,16
2007,5,B,107
2007,5,B+,173
2007,5,B-,54
2007,5,BB,147
2007,5,BB+,115
2007,5,BB-,194
2007,5,BBB,219
2007,5,BBB+,172
2007,5,BBB-,173
2007,5,CC,3
2007,5,CCC,8
2007,5,CCC+,15
2007,5,CCC-,1
2007,5,D,7
2007,5,SD,1
2007,6,A,130
2007,6,A+,79
2007,6,A-,141
2007,6,AA,39
2007,6,AA+,7
2007,6,AA-,50
2007,6,AAA,16
2007,6,B,112
2007,6,B+,169
2007,6,B-,53
2007,6,BB,146
2007,6,BB+,111
2007,6,BB-,201
2007,6,BBB,221
2007,6,BBB+,172
2007,6,BBB-,170
2007,6,CC,3
2007,6,CCC,7
2007,6,CCC+,15
2007,6,CCC-,1
2007,6,D,8
2007,6,SD,1
2007,7,A,129
2007,7,A+,74
2007,7,A-,139
2007,7,AA,39
2007,7,AA+,7
2007,7,AA-,51
2007,7,AAA,16
2007,7,B,109
2007,7,B+,170
2007,7,B-,47
2007,7,BB,143
2007,7,BB+,108
2007,7,BB-,200
2007,7,BBB,227
2007,7,BBB+,175
2007,7,BBB-,167
2007,7,CC,3
2007,7,CCC,8
2007,7,CCC+,19
2007,7,CCC-,2
2007,7,D,7
2007,7,SD,1
2007,8,A,126
2007,8,A+,73
2007,8,A-,138
2007,8,AA,41
2007,8,AA+,7
2007,8,AA-,51
2007,8,AAA,13
2007,8,B,109
2007,8,B+,163
2007,8,B-,56
2007,8,BB,132
2007,8,BB+,113
2007,8,BB-,203
2007,8,BBB,223
2007,8,BBB+,176
2007,8,BBB-,169
2007,8,CC,2
2007,8,CCC,6
2007,8,CCC+,17
2007,8,CCC-,1
2007,8,D,7
2007,8,SD,1
2007,9,A,127
2007,9,A+,73
2007,9,A-,132
2007,9,AA,42
2007,9,AA+,7
2007,9,AA-,51
2007,9,AAA,13
2007,9,B,105
2007,9,B+,167
2007,9,B-,54
2007,9,BB,131
2007,9,BB+,114
2007,9,BB-,202
2007,9,BBB,224
2007,9,BBB+,175
2007,9,BBB-,163
2007,9,CC,1
2007,9,CCC,6
2007,9,CCC+,17
2007,9,CCC-,3
2007,9,D,6
2007,9,SD,1
2007,10,A,129
2007,10,A+,73
2007,10,A-,129
2007,10,AA,41
2007,10,AA+,6
2007,10,AA-,51
2007,10,AAA,13
2007,10,B,113
2007,10,B+,163
2007,10,B-,53
2007,10,BB,130
2007,10,BB+,111
2007,10,BB-,202
2007,10,BBB,218
2007,10,BBB+,179
2007,10,BBB-,160
2007,10,CC,1
2007,10,CCC,5
2007,10,CCC+,17
2007,10,CCC-,4
2007,10,D,7
2007,10,SD,1
2007,11,A,125
2007,11,A+,74
2007,11,A-,133
2007,11,AA,42
2007,11,AA+,6
2007,11,AA-,51
2007,11,AAA,13
2007,11,B,113
2007,11,B+,160
2007,11,B-,55
2007,11,BB,129
2007,11,BB+,111
2007,11,BB-,201
2007,11,BBB,217
2007,11,BBB+,177
2007,11,BBB-,157
2007,11,CC,2
2007,11,CCC,6
2007,11,CCC+,16
2007,11,CCC-,3
2007,11,D,6
2007,11,SD,1
2007,12,A,122
2007,12,A+,75
2007,12,A-,135
2007,12,AA,42
2007,12,AA+,7
2007,12,AA-,52
2007,12,AAA,13
2007,12,B,112
2007,12,B+,163
2007,12,B-,49
2007,12,BB,132
2007,12,BB+,110
2007,12,BB-,199
2007,12,BBB,209
2007,12,BBB+,179
2007,12,BBB-,155
2007,12,CC,3
2007,12,CCC,8
2007,12,CCC+,16
2007,12,CCC-,2
2007,12,D,7
2007,12,SD,1
2008,1,A,122
2008,1,A+,76
2008,1,A-,132
2008,1,AA,40
2008,1,AA+,7
2008,1,AA-,54
2008,1,AAA,12
2008,1,B,108
2008,1,B+,168
2008,1,B-,53
2008,1,BB,128
2008,1,BB+,109
2008,1,BB-,195
2008,1,BBB,209
2008,1,BBB+,177
2008,1,BBB-,160
2008,1,CC,2
2008,1,CCC,5
2008,1,CCC+,16
2008,1,CCC-,2
2008,1,D,10
2008,1,SD,1
2008,2,A,121
2008,2,A+,78
2008,2,A-,131
2008,2,AA,42
2008,2,AA+,7
2008,2,AA-,54
2008,2,AAA,12
2008,2,B,107
2008,2,B+,169
2008,2,B-,55
2008,2,BB,131
2008,2,BB+,102
2008,2,BB-,192
2008,2,BBB,209
2008,2,BBB+,177
2008,2,BBB-,163
2008,2,CC,3
2008,2,CCC,5
2008,2,CCC+,13
2008,2,CCC-,2
2008,2,D,7
2008,2,SD,1
2008,3,A,117
2008,3,A+,77
2008,3,A-,130
2008,3,AA,42
2008,3,AA+,7
2008,3,AA-,56
2008,3,AAA,12
2008,3,B,103
2008,3,B+,162
2008,3,B-,55
2008,3,BB,130
2008,3,BB+,100
2008,3,BB-,191
2008,3,BBB,215
2008,3,BBB+,177
2008,3,BBB-,162
2008,3,CC,3
2008,3,CCC,5
2008,3,CCC+,15
2008,3,CCC-,1
2008,3,D,7
2008,3,SD,4
2008,4,A,119
2008,4,A+,77
2008,4,A-,131
2008,4,AA,40
2008,4,AA+,8
2008,4,AA-,59
2008,4,AAA,11
2008,4,B,100
2008,4,B+,164
2008,4,B-,56
2008,4,BB,132
2008,4,BB+,99
2008,4,BB-,191
2008,4,BBB,220
2008,4,BBB+,175
2008,4,BBB-,160
2008,4,CC,3
2008,4,CCC,4
2008,4,CCC+,15
2008,4,CCC-,1
2008,4,D,7
2008,4,SD,4
2008,5,A,120
2008,5,A+,76
2008,5,A-,125
2008,5,AA,40
2008,5,AA+,8
2008,5,AA-,59
2008,5,AAA,11
2008,5,B,101
2008,5,B+,161
2008,5,B-,54
2008,5,BB,143
2008,5,BB+,89
2008,5,BB-,186
2008,5,BBB,224
2008,5,BBB+,174
2008,5,BBB-,156
2008,5,CC,4
2008,5,CCC,5
2008,5,CCC+,17
2008,5,CCC-,2
2008,5,D,7
2008,5,SD,4
2008,6,A,125
2008,6,A+,71
2008,6,A-,126
2008,6,AA,38
2008,6,AA+,8
2008,6,AA-,58
2008,6,AAA,11
2008,6,B,107
2008,6,B+,152
2008,6,B-,56
2008,6,BB,139
2008,6,BB+,91
2008,6,BB-,186
2008,6,BBB,223
2008,6,BBB+,171
2008,6,BBB-,160
2008,6,CC,3
2008,6,CCC,5
2008,6,CCC+,17
2008,6,CCC-,2
2008,6,D,5
2008,6,SD,2
2008,7,A,121
2008,7,A+,73
2008,7,A-,125
2008,7,AA,36
2008,7,AA+,7
2008,7,AA-,62
2008,7,AAA,11
2008,7,B,98
2008,7,B+,153
2008,7,B-,59
2008,7,BB,138
2008,7,BB+,96
2008,7,BB-,178
2008,7,BBB,222
2008,7,BBB+,174
2008,7,BBB-,158
2008,7,CC,4
2008,7,CCC,4
2008,7,CCC+,19
2008,7,CCC-,2
2008,7,D,8
2008,7,SD,3
2008,8,A,118
2008,8,A+,71
2008,8,A-,130
2008,8,AA,35
2008,8,AA+,7
2008,8,AA-,64
2008,8,AAA,11
2008,8,B,96
2008,8,B+,149
2008,8,B-,60
2008,8,BB,136
2008,8,BB+,100
2008,8,BB-,181
2008,8,BBB,220
2008,8,BBB+,168
2008,8,BBB-,159
2008,8,CC,4
2008,8,CCC,4
2008,8,CCC+,21
2008,8,CCC-,2
2008,8,D,8
2008,8,SD,3
2008,9,A,116
2008,9,A+,69
2008,9,A-,135
2008,9,AA,25
2008,9,AA+,8
2008,9,AA-,73
2008,9,AAA,13
2008,9,B,98
2008,9,B+,145
2008,9,B-,65
2008,9,BB,133
2008,9,BB+,100
2008,9,BB-,179
2008,9,BBB,221
2008,9,BBB+,163
2008,9,BBB-,161
2008,9,CC,4
2008,9,CCC,5
2008,9,CCC+,17
2008,9,CCC-,5
2008,9,D,8
2008,9,SD,3
2008,10,A,115
2008,10,A+,75
2008,10,A-,134
2008,10,AA,25
2008,10,AA+,8
2008,10,AA-,66
2008,10,AAA,13
2008,10,B,97
2008,10,B+,141
2008,10,B-,71
2008,10,BB,138
2008,10,BB+,91
2008,10,BB-,179
2008,10,BBB,216
2008,10,BBB+,164
2008,10,BBB-,162
2008,10,CC,4
2008,10,CCC,6
2008,10,CCC+,17
2008,10,CCC-,5
2008,10,D,8
2008,10,SD,4
2008,11,A,109
2008,11,A+,75
2008,11,A-,135
2008,11,AA,25
2008,11,AA+,8
2008,11,AA-,66
2008,11,AAA,13
2008,11,B,93
2008,11,B+,143
2008,11,B-,67
2008,11,BB,132
2008,11,BB+,89
2008,11,BB-,178
2008,11,BBB,218
2008,11,BBB+,159
2008,11,BBB-,164
2008,11,CC,5
2008,11,CCC,11
2008,11,CCC+,19
2008,11,CCC-,6
2008,11,D,13
2008,11,SD,3
2008,12,A,123
2008,12,A+,75
2008,12,A-,130
2008,12,AA,27
2008,12,AA+,5
2008,12,AA-,53
2008,12,AAA,13
2008,12,B,101
2008,12,B+,139
2008,12,B-,70
2008,12,BB,125
2008,12,BB+,91
2008,12,BB-,170
2008,12,BBB,220
2008,12,BBB+,159
2008,12,BBB-,166
2008,12,CC,8
2008,12,CCC,14
2008,12,CCC+,19
2008,12,CCC-,2
2008,12,D,15
2008,12,SD,3
2009,1,A,120
2009,1,A+,70
2009,1,A-,123
2009,1,AA,28
2009,1,AA+,4
2009,1,AA-,50
2009,1,AAA,13
2009,1,B,97
2009,1,B+,141
2009,1,B-,69
2009,1,BB,124
2009,1,BB+,94
2009,1,BB-,162
2009,1,BBB,220
2009,1,BBB+,161
2009,1,BBB-,170
2009,1,CC,10
2009,1,CCC,18
2009,1,CCC+,23
2009,1,CCC-,1
2009,1,D,18
2009,1,SD,2
2009,2,A,119
2009,2,A+,69
2009,2,A-,124
2009,2,AA,25
2009,2,AA+,5
2009,2,AA-,50
2009,2,AAA,12
2009,2,B,104
2009,2,B+,124
2009,2,B-,74
2009,2,BB,116
2009,2,BB+,89
2009,2,BB-,162
2009,2,BBB,222
2009,2,BBB+,162
2009,2,BBB-,176
2009,2,CC,10
2009,2,CCC,20
2009,2,CCC+,31
2009,2,CCC-,1
2009,2,D,22
2009,2,SD,2
2009,3,A,127
2009,3,A+,65
2009,3,A-,116
2009,3,AA,24
2009,3,AA+,6
2009,3,AA-,46
2009,3,AAA,10
2009,3,B,102
2009,3,B+,116
2009,3,B-,77
2009,3,BB,116
2009,3,BB+,93
2009,3,BB-,157
2009,3,BBB,226
2009,3,BBB+,159
2009,3,BBB-,168
2009,3,CC,13
2009,3,CCC,26
2009,3,CCC+,29
2009,3,CCC-,3
2009,3,D,24
2009,3,SD,1
2009,4,A,125
2009,4,A+,65
2009,4,A-,113
2009,4,AA,24
2009,4,AA+,6
2009,4,AA-,46
2009,4,AAA,10
2009,4,B,97
2009,4,B+,115
2009,4,B-,68
2009,4,BB,118
2009,4,BB+,91
2009,4,BB-,155
2009,4,BBB,227
2009,4,BBB+,158
2009,4,BBB-,166
2009,4,CC,12
2009,4,CCC,34
2009,4,CCC+,32
2009,4,CCC-,2
2009,4,D,27
2009,4,SD,3
2009,5,A,126
2009,5,A+,66
2009,5,A-,110
2009,5,AA,25
2009,5,AA+,5
2009,5,AA-,44
2009,5,AAA,10
2009,5,B,95
2009,5,B+,115
2009,5,B-,70
2009,5,BB,116
2009,5,BB+,88
2009,5,BB-,159
2009,5,BBB,229
2009,5,BBB+,159
2009,5,BBB-,161
2009,5,CC,11
2009,5,CCC,30
2009,5,CCC+,34
2009,5,CCC-,3
2009,5,D,31
2009,5,SD,5
2009,6,A,127
2009,6,A+,66
2009,6,A-,106
2009,6,AA,21
2009,6,AA+,5
2009,6,AA-,44
2009,6,AAA,10
2009,6,B,95
2009,6,B+,119
2009,6,B-,67
2009,6,BB,123
2009,6,BB+,85
2009,6,BB-,160
2009,6,BBB,223
2009,6,BBB+,158
2009,6,BBB-,161
2009,6,CC,10
2009,6,CCC,29
2009,6,CCC+,34
2009,6,CCC-,2
2009,6,D,31
2009,6,SD,5
2009,7,A,131
2009,7,A+,62
2009,7,A-,106
2009,7,AA,21
2009,7,AA+,5
2009,7,AA-,45
2009,7,AAA,10
2009,7,B,96
2009,7,B+,122
2009,7,B-,71
2009,7,BB,117
2009,7,BB+,84
2009,7,BB-,159
2009,7,BBB,222
2009,7,BBB+,161
2009,7,BBB-,163
2009,7,CC,10
2009,7,CCC,28
2009,7,CCC+,33
2009,7,CCC-,2
2009,7,D,29
2009,7,SD,4
2009,8,A,130
2009,8,A+,62
2009,8,A-,107
2009,8,AA,21
2009,8,AA+,5
2009,8,AA-,45
2009,8,AAA,10
2009,8,B,96
2009,8,B+,127
2009,8,B-,78
2009,8,BB,115
2009,8,BB+,83
2009,8,BB-,152
2009,8,BBB,221
2009,8,BBB+,159
2009,8,BBB-,169
2009,8,CC,9
2009,8,CCC,26
2009,8,CCC+,27
2009,8,CCC-,2
2009,8,D,29
2009,8,SD,5
2009,9,A,131
2009,9,A+,61
2009,9,A-,109
2009,9,AA,23
2009,9,AA+,3
2009,9,AA-,45
2009,9,AAA,10
2009,9,B,97
2009,9,B+,130
2009,9,B-,76
2009,9,BB,119
2009,9,BB+,85
2009,9,BB-,149
2009,9,BBB,220
2009,9,BBB+,157
2009,9,BBB-,168
2009,9,CC,13
2009,9,CCC,22
2009,9,CCC+,29
2009,9,CCC-,3
2009,9,D,27
2009,9,SD,3
2009,10,A,132
2009,10,A+,60
2009,10,A-,110
2009,10,AA,24
2009,10,AA+,3
2009,10,AA-,45
2009,10,AAA,9
2009,10,B,100
2009,10,B+,130
2009,10,B-,80
2009,10,BB,118
2009,10,BB+,86
2009,10,BB-,155
2009,10,BBB,221
2009,10,BBB+,158
2009,10,BBB-,168
2009,10,CC,8
2009,10,CCC,22
2009,10,CCC+,28
2009,10,CCC-,3
2009,10,D,27
2009,10,SD,3
2009,11,A,130
2009,11,A+,60
2009,11,A-,108
2009,11,AA,24
2009,11,AA+,3
2009,11,AA-,45
2009,11,AAA,9
2009,11,B,101
2009,11,B+,135
2009,11,B-,80
2009,11,BB,119
2009,11,BB+,87
2009,11,BB-,150
2009,11,BBB,222
2009,11,BBB+,160
2009,11,BBB-,172
2009,11,CC,9
2009,11,CCC,18
2009,11,CCC+,26
2009,11,CCC-,4
2009,11,D,22
2009,11,SD,2
2009,12,A,132
2009,12,A+,60
2009,12,A-,108
2009,12,AA,24
2009,12,AA+,3
2009,12,AA-,44
2009,12,AAA,9
2009,12,B,102
2009,12,B+,135
2009,12,B-,79
2009,12,BB,120
2009,12,BB+,85
2009,12,BB-,150
2009,12,BBB,224
2009,12,BBB+,161
2009,12,BBB-,173
2009,12,CC,7
2009,12,CCC,16
2009,12,CCC+,24
2009,12,CCC-,6
2009,12,D,18
2009,12,SD,2
2010,1,A,130
2010,1,A+,63
2010,1,A-,111
2010,1,AA,25
2010,1,AA+,3
2010,1,AA-,41
2010,1,AAA,8
2010,1,B,103
2010,1,B+,141
2010,1,B-,76
2010,1,BB,123
2010,1,BB+,83
2010,1,BB-,147
2010,1,BBB,224
2010,1,BBB+,159
2010,1,BBB-,176
2010,1,CC,5
2010,1,CCC,14
2010,1,CCC+,23
2010,1,CCC-,7
2010,1,D,18
2010,1,SD,1
2010,2,A,127
2010,2,A+,64
2010,2,A-,112
2010,2,AA,24
2010,2,AA+,5
2010,2,AA-,41
2010,2,AAA,6
2010,2,B,107
2010,2,B+,143
2010,2,B-,72
2010,2,BB,123
2010,2,BB+,84
2010,2,BB-,143
2010,2,BBB,222
2010,2,BBB+,159
2010,2,BBB-,180
2010,2,CC,6
2010,2,CCC,16
2010,2,CCC+,22
2010,2,CCC-,7
2010,2,D,17
2010,2,SD,1
2010,3,A,128
2010,3,A+,61
2010,3,A-,119
2010,3,AA,25
2010,3,AA+,5
2010,3,AA-,40
2010,3,AAA,6
2010,3,B,115
2010,3,B+,137
2010,3,B-,69
2010,3,BB,124
2010,3,BB+,82
2010,3,BB-,146
2010,3,BBB,218
2010,3,BBB+,151
2010,3,BBB-,186
2010,3,CC,5
2010,3,CCC,13
2010,3,CCC+,22
2010,3,CCC-,6
2010,3,D,19
2010,3,SD,1
2010,4,A,130
2010,4,A+,60
2010,4,A-,120
2010,4,AA,25
2010,4,AA+,5
2010,4,AA-,39
2010,4,AAA,6
2010,4,B,123
2010,4,B+,138
2010,4,B-,67
2010,4,BB,124
2010,4,BB+,83
2010,4,BB-,150
2010,4,BBB,224
2010,4,BBB+,147
2010,4,BBB-,184
2010,4,CC,4
2010,4,CCC,11
2010,4,CCC+,24
2010,4,CCC-,6
2010,4,D,18
2010,4,SD,1
2010,5,A,131
2010,5,A+,60
2010,5,A-,120
2010,5,AA,23
2010,5,AA+,5
2010,5,AA-,39
2010,5,AAA,6
2010,5,B,130
2010,5,B+,140
2010,5,B-,64
2010,5,BB,121
2010,5,BB+,89
2010,5,BB-,151
2010,5,BBB,223
2010,5,BBB+,149
2010,5,BBB-,183
2010,5,CC,6
2010,5,CCC,7
2010,5,CCC+,25
2010,5,CCC-,5
2010,5,D,14
2010,5,SD,1
2010,6,A,135
2010,6,A+,59
2010,6,A-,120
2010,6,AA,22
2010,6,AA+,5
2010,6,AA-,39
2010,6,AAA,6
2010,6,B,131
2010,6,B+,133
2010,6,B-,64
2010,6,BB,123
2010,6,BB+,89
2010,6,BB-,155
2010,6,BBB,223
2010,6,BBB+,149
2010,6,BBB-,183
2010,6,CC,3
2010,6,CCC,7
2010,6,CCC+,26
2010,6,CCC-,5
2010,6,D,13
2010,6,SD,1
2010,7,A,133
2010,7,A+,60
2010,7,A-,121
2010,7,AA,23
2010,7,AA+,5
2010,7,AA-,40
2010,7,AAA,6
2010,7,B,127
2010,7,B+,141
2010,7,B-,65
2010,7,BB,124
2010,7,BB+,86
2010,7,BB-,148
2010,7,BBB,218
2010,7,BBB+,151
2010,7,BBB-,189
2010,7,CC,1
2010,7,CCC,9
2010,7,CCC+,22
2010,7,CCC-,5
2010,7,D,11
2010,7,SD,1
2010,8,A,133
2010,8,A+,60
2010,8,A-,122
2010,8,AA,21
2010,8,AA+,5
2010,8,AA-,40
2010,8,AAA,6
2010,8,B,128
2010,8,B+,138
2010,8,B-,61
2010,8,BB,125
2010,8,BB+,84
2010,8,BB-,150
2010,8,BBB,219
2010,8,BBB+,152
2010,8,BBB-,193
2010,8,CC,3
2010,8,CCC,7
2010,8,CCC+,20
2010,8,CCC-,5
2010,8,D,10
2010,8,SD,3
2010,9,A,126
2010,9,A+,61
2010,9,A-,124
2010,9,AA,21
2010,9,AA+,5
2010,9,AA-,38
2010,9,AAA,6
2010,9,B,124
2010,9,B+,145
2010,9,B-,57
2010,9,BB,126
2010,9,BB+,87
2010,9,BB-,149
2010,9,BBB,221
2010,9,BBB+,151
2010,9,BBB-,192
2010,9,CC,4
2010,9,CCC,6
2010,9,CCC+,20
2010,9,CCC-,5
2010,9,D,10
2010,9,SD,3
2010,10,A,125
2010,10,A+,62
2010,10,A-,123
2010,10,AA,21
2010,10,AA+,5
2010,10,AA-,31
2010,10,AAA,6
2010,10,B,126
2010,10,B+,147
2010,10,B-,58
2010,10,BB,122
2010,10,BB+,93
2010,10,BB-,147
2010,10,BBB,219
2010,10,BBB+,158
2010,10,BBB-,193
2010,10,CC,3
2010,10,CCC,4
2010,10,CCC+,21
2010,10,CCC-,4
2010,10,D,11
2010,10,SD,3
2010,11,A,126
2010,11,A+,62
2010,11,A-,120
2010,11,AA,23
2010,11,AA+,5
2010,11,AA-,30
2010,11,AAA,6
2010,11,B,129
2010,11,B+,144
2010,11,B-,52
2010,11,BB,122
2010,11,BB+,94
2010,11,BB-,153
2010,11,BBB,214
2010,11,BBB+,165
2010,11,BBB-,194
2010,11,CC,1
2010,11,CCC,4
2010,11,CCC+,22
2010,11,CCC-,4
2010,11,D,9
2010,11,SD,1
2010,12,A,124
2010,12,A+,61
2010,12,A-,121
2010,12,AA,23
2010,12,AA+,4
2010,12,AA-,31
2010,12,AAA,7
2010,12,B,127
2010,12,B+,142
2010,12,B-,49
2010,12,BB,125
2010,12,BB+,92
2010,12,BB-,154
2010,12,BBB,214
2010,12,BBB+,169
2010,12,BBB-,191
2010,12,CCC,1
2010,12,CCC+,24
2010,12,CCC-,2
2010,12,D,9
2010,12,SD,1
2011,1,A,123
2011,1,A+,62
2011,1,A-,122
2011,1,AA,23
2011,1,AA+,4
2011,1,AA-,30
2011,1,AAA,7
2011,1,B,129
2011,1,B+,144
2011,1,B-,49
2011,1,BB,120
2011,1,BB+,95
2011,1,BB-,149
2011,1,BBB,216
2011,1,BBB+,168
2011,1,BBB-,192
2011,1,CC,2
2011,1,CCC,2
2011,1,CCC+,22
2011,1,CCC-,2
2011,1,D,7
2011,1,SD,1
2011,2,A,127
2011,2,A+,62
2011,2,A-,120
2011,2,AA,23
2011,2,AA+,4
2011,2,AA-,30
2011,2,AAA,7
2011,2,B,135
2011,2,B+,136
2011,2,B-,47
2011,2,BB,123
2011,2,BB+,95
2011,2,BB-,151
2011,2,BBB,218
2011,2,BBB+,164
2011,2,BBB-,194
2011,2,CC,2
2011,2,CCC,3
2011,2,CCC+,23
2011,2,CCC-,2
2011,2,D,5
2011,2,SD,1
2011,3,A,125
2011,3,A+,62
2011,3,A-,120
2011,3,AA,22
2011,3,AA+,4
2011,3,AA-,30
2011,3,AAA,7
2011,3,B,138
2011,3,B+,134
2011,3,B-,47
2011,3,BB,128
2011,3,BB+,96
2011,3,BB-,148
2011,3,BBB,224
2011,3,BBB+,165
2011,3,BBB-,190
2011,3,CC,4
2011,3,CCC,3
2011,3,CCC+,20
2011,3,CCC-,1
2011,3,D,5
2011,3,SD,1
2011,4,A,125
2011,4,A+,62
2011,4,A-,120
2011,4,AA,21
2011,4,AA+,4
2011,4,AA-,31
2011,4,AAA,7
2011,4,B,140
2011,4,B+,136
2011,4,B-,48
2011,4,BB,129
2011,4,BB+,97
2011,4,BB-,145
2011,4,BBB,225
2011,4,BBB+,170
2011,4,BBB-,183
2011,4,CC,2
2011,4,CCC,3
2011,4,CCC+,19
2011,4,CCC-,1
2011,4,D,5
2011,4,SD,1
2011,5,A,123
2011,5,A+,63
2011,5,A-,121
2011,5,AA,21
2011,5,AA+,4
2011,5,AA-,31
2011,5,AAA,7
2011,5,B,141
2011,5,B+,142
2011,5,B-,48
2011,5,BB,128
2011,5,BB+,103
2011,5,BB-,141
2011,5,BBB,216
2011,5,BBB+,175
2011,5,BBB-,187
2011,5,CC,2
2011,5,CCC,4
2011,5,CCC+,18
2011,5,CCC-,1
2011,5,D,4
2011,5,SD,1
2011,6,A,120
2011,6,A+,64
2011,6,A-,121
2011,6,AA,21
2011,6,AA+,4
2011,6,AA-,31
2011,6,AAA,7
2011,6,B,139
2011,6,B+,141
2011,6,B-,46
2011,6,BB,123
2011,6,BB+,108
2011,6,BB-,141
2011,6,BBB,217
2011,6,BBB+,177
2011,6,BBB-,184
2011,6,CC,2
2011,6,CCC,7
2011,6,CCC+,15
2011,6,CCC-,2
2011,6,D,4
2011,6,SD,1
2011,7,A,118
2011,7,A+,64
2011,7,A-,120
2011,7,AA,20
2011,7,AA+,4
2011,7,AA-,31
2011,7,AAA,7
2011,7,B,131
2011,7,B+,143
2011,7,B-,49
2011,7,BB,123
2011,7,BB+,110
2011,7,BB-,142
2011,7,BBB,221
2011,7,BBB+,176
2011,7,BBB-,180
2011,7,CC,1
2011,7,CCC,7
2011,7,CCC+,15
2011,7,CCC-,2
2011,7,D,4
2011,7,SD,2
2011,8,A,116
2011,8,A+,64
2011,8,A-,121
2011,8,AA,21
2011,8,AA+,4
2011,8,AA-,31
2011,8,AAA,7
2011,8,B,128
2011,8,B+,144
2011,8,B-,45
2011,8,BB,126
2011,8,BB+,109
2011,8,BB-,138
2011,8,BBB,222
2011,8,BBB+,174
2011,8,BBB-,183
2011,8,CC,2
2011,8,CCC,10
2011,8,CCC+,17
2011,8,CCC-,1
2011,8,D,4
2011,8,SD,2
2011,9,A,116
2011,9,A+,65
2011,9,A-,120
2011,9,AA,21
2011,9,AA+,4
2011,9,AA-,31
2011,9,AAA,7
2011,9,B,121
2011,9,B+,139
2011,9,B-,50
2011,9,BB,127
2011,9,BB+,112
2011,9,BB-,142
2011,9,BBB,222
2011,9,BBB+,173
2011,9,BBB-,182
2011,9,CC,2
2011,9,CCC,10
2011,9,CCC+,13
2011,9,CCC-,1
2011,9,D,4
2011,9,SD,1
2011,10,A,116
2011,10,A+,65
2011,10,A-,124
2011,10,AA,18
2011,10,AA+,4
2011,10,AA-,34
2011,10,AAA,7
2011,10,B,123
2011,10,B+,141
2011,10,B-,52
2011,10,BB,129
2011,10,BB+,114
2011,10,BB-,143
2011,10,BBB,230
2011,10,BBB+,176
2011,10,BBB-,185
2011,10,CC,4
2011,10,CCC,8
2011,10,CCC+,12
2011,10,D,5
2011,10,SD,3
2011,11,A,103
2011,11,A+,68
2011,11,A-,142
2011,11,AA,17
2011,11,AA+,4
2011,11,AA-,29
2011,11,AAA,7
2011,11,B,120
2011,11,B+,140
2011,11,B-,51
2011,11,BB,128
2011,11,BB+,116
2011,11,BB-,143
2011,11,BBB,229
2011,11,BBB+,177
2011,11,BBB-,184
2011,11,CC,4
2011,11,CCC,8
2011,11,CCC+,11
2011,11,CCC-,3
2011,11,D,9
2011,11,SD,1
2011,12,A,102
2011,12,A+,65
2011,12,A-,141
2011,12,AA,13
2011,12,AA+,4
2011,12,AA-,32
2011,12,AAA,7
2011,12,B,125
2011,12,B+,137
2011,12,B-,50
2011,12,BB,127
2011,12,BB+,117
2011,12,BB-,142
2011,12,BBB,229
2011,12,BBB+,181
2011,12,BBB-,185
2011,12,CC,1
2011,12,CCC,6
2011,12,CCC+,14
2011,12,CCC-,2
2011,12,D,10
2011,12,SD,4
2012,1,A,104
2012,1,A+,64
2012,1,A-,140
2012,1,AA,13
2012,1,AA+,4
2012,1,AA-,31
2012,1,AAA,7
2012,1,B,122
2012,1,B+,142
2012,1,B-,49
2012,1,BB,126
2012,1,BB+,122
2012,1,BB-,141
2012,1,BBB,234
2012,1,BBB+,179
2012,1,BBB-,182
2012,1,CC,1
2012,1,CCC,7
2012,1,CCC+,14
2012,1,CCC-,2
2012,1,D,10
2012,1,SD,4
2012,2,A,103
2012,2,A+,63
2012,2,A-,144
2012,2,AA,13
2012,2,AA+,4
2012,2,AA-,30
2012,2,AAA,7
2012,2,B,119
2012,2,B+,145
2012,2,B-,53
2012,2,BB,124
2012,2,BB+,123
2012,2,BB-,143
2012,2,BBB,234
2012,2,BBB+,180
2012,2,BBB-,181
2012,2,CC,1
2012,2,CCC,7
2012,2,CCC+,13
2012,2,CCC-,2
2012,2,D,9
2012,2,SD,2
2012,3,A,105
2012,3,A+,62
2012,3,A-,141
2012,3,AA,13
2012,3,AA+,4
2012,3,AA-,30
2012,3,AAA,7
2012,3,B,120
2012,3,B+,141
2012,3,B-,55
2012,3,BB,128
2012,3,BB+,121
2012,3,BB-,139
2012,3,BBB,239
2012,3,BBB+,178
2012,3,BBB-,178
2012,3,CC,2
2012,3,CCC,6
2012,3,CCC+,13
2012,3,CCC-,2
2012,3,D,7
2012,3,SD,1
2012,4,A,106
2012,4,A+,61
2012,4,A-,143
2012,4,AA,13
2012,4,AA+,4
2012,4,AA-,30
2012,4,AAA,7
2012,4,B,123
2012,4,B+,137
2012,4,B-,52
2012,4,BB,128
2012,4,BB+,118
2012,4,BB-,141
2012,4,BBB,238
2012,4,BBB+,175
2012,4,BBB-,180
2012,4,CC,2
2012,4,CCC,6
2012,4,CCC+,12
2012,4,CCC-,2
2012,4,D,8
2012,4,SD,1
2012,5,A,104
2012,5,A+,60
2012,5,A-,145
2012,5,AA,13
2012,5,AA+,4
2012,5,AA-,31
2012,5,AAA,7
2012,5,B,124
2012,5,B+,134
2012,5,B-,55
2012,5,BB,126
2012,5,BB+,118
2012,5,BB-,151
2012,5,BBB,241
2012,5,BBB+,172
2012,5,BBB-,178
2012,5,CC,3
2012,5,CCC,7
2012,5,CCC+,12
2012,5,CCC-,2
2012,5,D,6
2012,5,SD,1
2012,6,A,101
2012,6,A+,63
2012,6,A-,143
2012,6,AA,12
2012,6,AA+,4
2012,6,AA-,31
2012,6,AAA,7
2012,6,B,121
2012,6,B+,139
2012,6,B-,60
2012,6,BB,129
2012,6,BB+,118
2012,6,BB-,148
2012,6,BBB,241
2012,6,BBB+,175
2012,6,BBB-,176
2012,6,CC,2
2012,6,CCC,7
2012,6,CCC+,14
2012,6,CCC-,2
2012,6,D,5
2012,6,SD,1
2012,7,A,102
2012,7,A+,62
2012,7,A-,138
2012,7,AA,13
2012,7,AA+,4
2012,7,AA-,31
2012,7,AAA,7
2012,7,B,124
2012,7,B+,136
2012,7,B-,60
2012,7,BB,130
2012,7,BB+,118
2012,7,BB-,144
2012,7,BBB,243
2012,7,BBB+,181
2012,7,BBB-,174
2012,7,CC,1
2012,7,CCC,6
2012,7,CCC+,14
2012,7,CCC-,2
2012,7,D,7
2012,7,SD,2
2012,8,A,96
2012,8,A+,64
2012,8,A-,139
2012,8,AA,13
2012,8,AA+,4
2012,8,AA-,31
2012,8,AAA,7
2012,8,B,121
2012,8,B+,139
2012,8,B-,58
2012,8,BB,129
2012,8,BB+,119
2012,8,BB-,148
2012,8,BBB,243
2012,8,BBB+,179
2012,8,BBB-,176
2012,8,CC,2
2012,8,CCC,8
2012,8,CCC+,13
2012,8,CCC-,4
2012,8,D,8
2012,8,SD,2
2012,9,A,96
2012,9,A+,64
2012,9,A-,137
2012,9,AA,14
2012,9,AA+,4
2012,9,AA-,30
2012,9,AAA,7
2012,9,B,123
2012,9,B+,139
2012,9,B-,58
2012,9,BB,128
2012,9,BB+,116
2012,9,BB-,149
2012,9,BBB,245
2012,9,BBB+,177
2012,9,BBB-,176
2012,9,CC,1
2012,9,CCC,9
2012,9,CCC+,14
2012,9,CCC-,4
2012,9,D,7
2012,9,SD,3
2012,10,A,98
2012,10,A+,66
2012,10,A-,136
2012,10,AA,12
2012,10,AA+,4
2012,10,AA-,29
2012,10,AAA,7
2012,10,B,124
2012,10,B+,141
2012,10,B-,58
2012,10,BB,125
2012,10,BB+,118
2012,10,BB-,150
2012,10,BBB,245
2012,10,BBB+,178
2012,10,BBB-,180
2012,10,CC,1
2012,10,CCC,8
2012,10,CCC+,15
2012,10,CCC-,4
2012,10,D,6
2012,10,SD,2
2012,11,A,94
2012,11,A+,66
2012,11,A-,136
2012,11,AA,13
2012,11,AA+,4
2012,11,AA-,29
2012,11,AAA,7
2012,11,B,125
2012,11,B+,144
2012,11,B-,60
2012,11,BB,136
2012,11,BB+,111
2012,11,BB-,145
2012,11,BBB,242
2012,11,BBB+,182
2012,11,BBB-,183
2012,11,CC,2
2012,11,CCC,9
2012,11,CCC+,16
2012,11,CCC-,1
2012,11,D,6
2012,11,SD,1
2012,12,A,92
2012,12,A+,67
2012,12,A-,140
2012,12,AA,13
2012,12,AA+,4
2012,12,AA-,27
2012,12,AAA,7
2012,12,B,119
2012,12,B+,146
2012,12,B-,57
2012,12,BB,134
2012,12,BB+,110
2012,12,BB-,146
2012,12,BBB,239
2012,12,BBB+,182
2012,12,BBB-,184
2012,12,CC,2
2012,12,CCC,9
2012,12,CCC+,17
2012,12,CCC-,2
2012,12,D,6
2012,12,SD,1
2013,1,A,95
2013,1,A+,68
2013,1,A-,141
2013,1,AA,13
2013,1,AA+,4
2013,1,AA-,27
2013,1,AAA,7
2013,1,B,121
2013,1,B+,148
2013,1,B-,59
2013,1,BB,133
2013,1,BB+,111
2013,1,BB-,147
2013,1,BBB,239
2013,1,BBB+,179
2013,1,BBB-,185
2013,1,CCC,10
2013,1,CCC+,16
2013,1,CCC-,2
2013,1,D,6
2013,2,A,94
2013,2,A+,66
2013,2,A-,143
2013,2,AA,13
2013,2,AA+,4
2013,2,AA-,27
2013,2,AAA,7
2013,2,B,114
2013,2,B+,153
2013,2,B-,53
2013,2,BB,134
2013,2,BB+,108
2013,2,BB-,146
2013,2,BBB,237
2013,2,BBB+,179
2013,2,BBB-,186
2013,2,CC,1
2013,2,CCC,10
2013,2,CCC+,21
2013,2,CCC-,2
2013,2,D,5
2013,3,A,95
2013,3,A+,65
2013,3,A-,144
2013,3,AA,13
2013,3,AA+,4
2013,3,AA-,27
2013,3,AAA,7
2013,3,B,119
2013,3,B+,154
2013,3,B-,53
2013,3,BB,131
2013,3,BB+,111
2013,3,BB-,147
2013,3,BBB,242
2013,3,BBB+,176
2013,3,BBB-,184
2013,3,CC,1
2013,3,CCC,6
2013,3,CCC+,20
2013,3,CCC-,1
2013,3,D,6
2013,3,SD,2
2013,4,A,95
2013,4,A+,65
2013,4,A-,144
2013,4,AA,13
2013,4,AA+,5
2013,4,AA-,27
2013,4,AAA,7
2013,4,B,124
2013,4,B+,152
2013,4,B-,56
2013,4,BB,135
2013,4,BB+,108
2013,4,BB-,149
2013,4,BBB,252
2013,4,BBB+,172
2013,4,BBB-,183
2013,4,CC,1
2013,4,CCC,6
2013,4,CCC+,18
2013,4,CCC-,1
2013,4,D,6
2013,5,A,96
2013,5,A+,65
2013,5,A-,144
2013,5,AA,17
2013,5,AA+,3
2013,5,AA-,26
2013,5,AAA,7
2013,5,B,125
2013,5,B+,159
2013,5,B-,55
2013,5,BB,140
2013,5,BB+,105
2013,5,BB-,143
2013,5,BBB,251
2013,5,BBB+,169
2013,5,BBB-,186
2013,5,CC,1
2013,5,CCC,5
2013,5,CCC+,17
2013,5,CCC-,1
2013,5,D,5
2013,6,A,96
2013,6,A+,63
2013,6,A-,146
2013,6,AA,16
2013,6,AA+,3
2013,6,AA-,27
2013,6,AAA,7
2013,6,B,124
2013,6,B+,155
2013,6,B-,57
2013,6,BB,135
2013,6,BB+,106
2013,6,BB-,151
2013,6,BBB,250
2013,6,BBB+,169
2013,6,BBB-,186
2013,6,CCC,5
2013,6,CCC+,19
2013,6,CCC-,1
2013,6,D,6
2013,7,A,98
2013,7,A+,62
2013,7,A-,147
2013,7,AA,16
2013,7,AA+,3
2013,7,AA-,27
2013,7,AAA,7
2013,7,B,125
2013,7,B+,154
2013,7,B-,60
2013,7,BB,136
2013,7,BB+,107
2013,7,BB-,149
2013,7,BBB,245
2013,7,BBB+,171
2013,7,BBB-,188
2013,7,CCC,4
2013,7,CCC+,18
2013,7,CCC-,1
2013,7,D,6
2013,8,A,101
2013,8,A+,61
2013,8,A-,145
2013,8,AA,17
2013,8,AA+,3
2013,8,AA-,27
2013,8,AAA,7
2013,8,B,126
2013,8,B+,149
2013,8,B-,60
2013,8,BB,139
2013,8,BB+,104
2013,8,BB-,151
2013,8,BBB,248
2013,8,BBB+,166
2013,8,BBB-,191
2013,8,CCC,4
2013,8,CCC+,21
2013,8,CCC-,1
2013,8,D,6
2013,9,A,102
2013,9,A+,61
2013,9,A-,144
2013,9,AA,17
2013,9,AA+,3
2013,9,AA-,28
2013,9,AAA,7
2013,9,B,122
2013,9,B+,156
2013,9,B-,63
2013,9,BB,141
2013,9,BB+,100
2013,9,BB-,150
2013,9,BBB,250
2013,9,BBB+,168
2013,9,BBB-,195
2013,9,CCC,4
2013,9,CCC+,21
2013,9,CCC-,1
2013,9,D,5
2013,10,A,104
2013,10,A+,61
2013,10,A-,141
2013,10,AA,17
2013,10,AA+,3
2013,10,AA-,28
2013,10,AAA,7
2013,10,B,124
2013,10,B+,152
2013,10,B-,63
2013,10,BB,138
2013,10,BB+,103
2013,10,BB-,155
2013,10,BBB,249
2013,10,BBB+,173
2013,10,BBB-,195
2013,10,CCC,4
2013,10,CCC+,22
2013,10,CCC-,1
2013,10,D,5
2013,11,A,103
2013,11,A+,59
2013,11,A-,135
2013,11,AA,16
2013,11,AA+,3
2013,11,AA-,30
2013,11,AAA,7
2013,11,B,127
2013,11,B+,151
2013,11,B-,62
2013,11,BB,137
2013,11,BB+,109
2013,11,BB-,154
2013,11,BBB,251
2013,11,BBB+,175
2013,11,BBB-,192
2013,11,CCC,4
2013,11,CCC+,22
2013,11,CCC-,1
2013,11,D,5
2013,12,A,100
2013,12,A+,63
2013,12,A-,144
2013,12,AA,17
2013,12,AA+,3
2013,12,AA-,32
2013,12,AAA,7
2013,12,B,130
2013,12,B+,138
2013,12,B-,61
2013,12,BB,140
2013,12,BB+,114
2013,12,BB-,156
2013,12,BBB,248
2013,12,BBB+,169
2013,12,BBB-,192
2013,12,CCC,3
2013,12,CCC+,25
2013,12,CCC-,1
2013,12,D,4
2014,1,A,100
2014,1,A+,62
2014,1,A-,147
2014,1,AA,16
2014,1,AA+,3
2014,1,AA-,31
2014,1,AAA,7
2014,1,B,133
2014,1,B+,134
2014,1,B-,60
2014,1,BB,137
2014,1,BB+,114
2014,1,BB-,159
2014,1,BBB,252
2014,1,BBB+,168
2014,1,BBB-,190
2014,1,CCC,2
2014,1,CCC+,26
2014,1,CCC-,1
2014,1,D,5
2014,2,A,100
2014,2,A+,62
2014,2,A-,148
2014,2,AA,17
2014,2,AA+,3
2014,2,AA-,31
2014,2,AAA,7
2014,2,B,136
2014,2,B+,127
2014,2,B-,58
2014,2,BB,134
2014,2,BB+,115
2014,2,BB-,161
2014,2,BBB,247
2014,2,BBB+,166
2014,2,BBB-,197
2014,2,CCC,6
2014,2,CCC+,23
2014,2,CCC-,1
2014,2,D,5
2014,3,A,101
2014,3,A+,61
2014,3,A-,148
2014,3,AA,17
2014,3,AA+,3
2014,3,AA-,31
2014,3,AAA,7
2014,3,B,135
2014,3,B+,124
2014,3,B-,61
2014,3,BB,136
2014,3,BB+,117
2014,3,BB-,168
2014,3,BBB,242
2014,3,BBB+,168
2014,3,BBB-,200
2014,3,CCC,7
2014,3,CCC+,23
2014,3,CCC-,1
2014,3,D,5
2014,4,A,104
2014,4,A+,61
2014,4,A-,145
2014,4,AA,20
2014,4,AA+,3
2014,4,AA-,30
2014,4,AAA,6
2014,4,B,134
2014,4,B+,132
2014,4,B-,62
2014,4,BB,137
2014,4,BB+,121
2014,4,BB-,165
2014,4,BBB,240
2014,4,BBB+,173
2014,4,BBB-,193
2014,4,CCC,4
2014,4,CCC+,22
2014,4,CCC-,2
2014,4,D,6
2014,5,A,107
2014,5,A+,60
2014,5,A-,143
2014,5,AA,19
2014,5,AA+,3
2014,5,AA-,31
2014,5,AAA,6
2014,5,B,133
2014,5,B+,131
2014,5,B-,58
2014,5,BB,140
2014,5,BB+,122
2014,5,BB-,166
2014,5,BBB,240
2014,5,BBB+,174
2014,5,BBB-,195
2014,5,CC,1
2014,5,CCC,4
2014,5,CCC+,23
2014,5,CCC-,1
2014,5,D,3
2014,6,A,108
2014,6,A+,60
2014,6,A-,144
2014,6,AA,20
2014,6,AA+,3
2014,6,AA-,31
2014,6,AAA,6
2014,6,B,137
2014,6,B+,141
2014,6,B-,60
2014,6,BB,140
2014,6,BB+,126
2014,6,BB-,164
2014,6,BBB,240
2014,6,BBB+,176
2014,6,BBB-,191
2014,6,CC,1
2014,6,CCC,5
2014,6,CCC+,21
2014,6,CCC-,1
2014,6,D,1
2014,7,A,109
2014,7,A+,60
2014,7,A-,143
2014,7,AA,19
2014,7,AA+,3
2014,7,AA-,31
2014,7,AAA,6
2014,7,B,141
2014,7,B+,142
2014,7,B-,62
2014,7,BB,136
2014,7,BB+,129
2014,7,BB-,171
2014,7,BBB,241
2014,7,BBB+,175
2014,7,BBB-,193
2014,7,CC,1
2014,7,CCC,6
2014,7,CCC+,19
2014,7,CCC-,1
2014,7,D,1
2014,8,A,108
2014,8,A+,61
2014,8,A-,143
2014,8,AA,20
2014,8,AA+,3
2014,8,AA-,31
2014,8,AAA,6
2014,8,B,144
2014,8,B+,150
2014,8,B-,59
2014,8,BB,137
2014,8,BB+,129
2014,8,BB-,165
2014,8,BBB,239
2014,8,BBB+,179
2014,8,BBB-,193
2014,8,CC,1
2014,8,CCC,4
2014,8,CCC+,22
2014,8,CCC-,2
2014,8,D,2
2014,9,A,109
2014,9,A+,61
2014,9,A-,146
2014,9,AA,19
2014,9,AA+,3
2014,9,AA-,31
2014,9,AAA,6
2014,9,B,144
2014,9,B+,154
2014,9,B-,59
2014,9,BB,142
2014,9,BB+,131
2014,9,BB-,164
2014,9,BBB,243
2014,9,BBB+,179
2014,9,BBB-,194
2014,9,CC,1
2014,9,CCC,3
2014,9,CCC+,20
2014,9,CCC-,4
2014,9,D,3
2014,10,A,110
2014,10,A+,61
2014,10,A-,144
2014,10,AA,20
2014,10,AA+,3
2014,10,AA-,31
2014,10,AAA,6
2014,10,B,144
2014,10,B+,159
2014,10,B-,61
2014,10,BB,144
2014,10,BB+,136
2014,10,BB-,164
2014,10,BBB,244
2014,10,BBB+,181
2014,10,BBB-,195
2014,10,CC,1
2014,10,CCC,3
2014,10,CCC+,20
2014,10,CCC-,5
2014,10,D,3
2014,11,A,108
2014,11,A+,62
2014,11,A-,143
2014,11,AA,20
2014,11,AA+,3
2014,11,AA-,31
2014,11,AAA,6
2014,11,B,139
2014,11,B+,162
2014,11,B-,61
2014,11,BB,138
2014,11,BB+,141
2014,11,BB-,170
2014,11,BBB,242
2014,11,BBB+,182
2014,11,BBB-,194
2014,11,CC,1
2014,11,CCC,4
2014,11,CCC+,16
2014,11,CCC-,5
2014,11,D,1
2014,11,SD,1
2014,12,A,106
2014,12,A+,62
2014,12,A-,146
2014,12,AA,19
2014,12,AA+,3
2014,12,AA-,31
2014,12,AAA,6
2014,12,B,145
2014,12,B+,159
2014,12,B-,61
2014,12,BB,142
2014,12,BB+,143
2014,12,BB-,166
2014,12,BBB,238
2014,12,BBB+,184
2014,12,BBB-,199
2014,12,CCC,4
2014,12,CCC+,17
2014,12,CCC-,5
2014,12,D,1
2015,1,A,106
2015,1,A+,62
2015,1,A-,142
2015,1,AA,18
2015,1,AA+,3
2015,1,AA-,32
2015,1,AAA,6
2015,1,B,139
2015,1,B+,167
2015,1,B-,62
2015,1,BB,142
2015,1,BB+,143
2015,1,BB-,159
2015,1,BBB,235
2015,1,BBB+,186
2015,1,BBB-,201
2015,1,CC,2
2015,1,CCC,4
2015,1,CCC+,15
2015,1,CCC-,5
2015,1,D,1
2015,2,A,107
2015,2,A+,61
2015,2,A-,139
2015,2,AA,18
2015,2,AA+,3
2015,2,AA-,32
2015,2,AAA,6
2015,2,B,136
2015,2,B+,170
2015,2,B-,62
2015,2,BB,143
2015,2,BB+,143
2015,2,BB-,158
2015,2,BBB,236
2015,2,BBB+,183
2015,2,BBB-,208
2015,2,CCC,4
2015,2,CCC+,17
2015,2,CCC-,3
2015,2,D,5
2015,3,A,108
2015,3,A+,61
2015,3,A-,138
2015,3,AA,18
2015,3,AA+,3
2015,3,AA-,32
2015,3,AAA,6
2015,3,B,140
2015,3,B+,163
2015,3,B-,62
2015,3,BB,142
2015,3,BB+,145
2015,3,BB-,155
2015,3,BBB,234
2015,3,BBB+,184
2015,3,BBB-,213
2015,3,CCC,2
2015,3,CCC+,16
2015,3,CCC-,3
2015,3,D,7
2015,4,A,108
2015,4,A+,60
2015,4,A-,138
2015,4,AA,18
2015,4,AA+,2
2015,4,AA-,33
2015,4,AAA,6
2015,4,B,136
2015,4,B+,165
2015,4,B-,60
2015,4,BB,145
2015,4,BB+,142
2015,4,BB-,152
2015,4,BBB,232
2015,4,BBB+,183
2015,4,BBB-,213
2015,4,CCC,2
2015,4,CCC+,20
2015,4,CCC-,3
2015,4,D,4
2015,5,A,111
2015,5,A+,60
2015,5,A-,136
2015,5,AA,19
2015,5,AA+,2
2015,5,AA-,32
2015,5,AAA,6
2015,5,B,135
2015,5,B+,167
2015,5,B-,64
2015,5,BB,143
2015,5,BB+,142
2015,5,BB-,150
2015,5,BBB,236
2015,5,BBB+,184
2015,5,BBB-,210
2015,5,CCC,4
2015,5,CCC+,15
2015,5,CCC-,5
2015,5,D,3
2015,5,SD,2
2015,6,A,109
2015,6,A+,60
2015,6,A-,134
2015,6,AA,19
2015,6,AA+,2
2015,6,AA-,32
2015,6,AAA,6
2015,6,B,132
2015,6,B+,164
2015,6,B-,63
2015,6,BB,149
2015,6,BB+,144
2015,6,BB-,149
2015,6,BBB,236
2015,6,BBB+,189
2015,6,BBB-,207
2015,6,CC,1
2015,6,CCC,6
2015,6,CCC+,17
2015,6,CCC-,4
2015,6,D,4
2015,6,SD,2
2015,7,A,107
2015,7,A+,60
2015,7,A-,132
2015,7,AA,15
2015,7,AA+,2
2015,7,AA-,35
2015,7,AAA,6
2015,7,B,133
2015,7,B+,163
2015,7,B-,63
2015,7,BB,145
2015,7,BB+,144
2015,7,BB-,152
2015,7,BBB,230
2015,7,BBB+,194
2015,7,BBB-,212
2015,7,CC,1
2015,7,CCC,7
2015,7,CCC+,17
2015,7,CCC-,4
2015,7,D,4
2015,7,SD,1
2015,8,A,107
2015,8,A+,60
2015,8,A-,132
2015,8,AA,15
2015,8,AA+,2
2015,8,AA-,36
2015,8,AAA,6
2015,8,B,131
2015,8,B+,160
2015,8,B-,66
2015,8,BB,141
2015,8,BB+,144
2015,8,BB-,148
2015,8,BBB,232
2015,8,BBB+,191
2015,8,BBB-,212
2015,8,CC,1
2015,8,CCC,6
2015,8,CCC+,17
2015,8,CCC-,4
2015,8,D,5
2015,8,SD,3
2015,9,A,103
2015,9,A+,59
2015,9,A-,136
2015,9,AA,15
2015,9,AA+,2
2015,9,AA-,37
2015,9,AAA,6
2015,9,B,126
2015,9,B+,162
2015,9,B-,67
2015,9,BB,146
2015,9,BB+,141
2015,9,BB-,152
2015,9,BBB,231
2015,9,BBB+,189
2015,9,BBB-,206
2015,9,CC,1
2015,9,CCC,6
2015,9,CCC+,18
2015,9,CCC-,5
2015,9,D,5
2015,9,SD,3
2015,10,A,100
2015,10,A+,57
2015,10,A-,140
2015,10,AA,13
2015,10,AA+,2
2015,10,AA-,38
2015,10,AAA,6
2015,10,B,130
2015,10,B+,161
2015,10,B-,65
2015,10,BB,145
2015,10,BB+,134
2015,10,BB-,157
2015,10,BBB,233
2015,10,BBB+,184
2015,10,BBB-,208
2015,10,CC,1
2015,10,CCC,6
2015,10,CCC+,22
2015,10,CCC-,4
2015,10,D,4
2015,10,SD,4
2015,11,A,100
2015,11,A+,56
2015,11,A-,139
2015,11,AA,13
2015,11,AA+,2
2015,11,AA-,38
2015,11,AAA,6
2015,11,B,128
2015,11,B+,157
2015,11,B-,62
2015,11,BB,146
2015,11,BB+,137
2015,11,BB-,154
2015,11,BBB,233
2015,11,BBB+,181
2015,11,BBB-,211
2015,11,CC,1
2015,11,CCC,6
2015,11,CCC+,31
2015,11,CCC-,4
2015,11,D,4
2015,11,SD,5
2015,12,A,100
2015,12,A+,53
2015,12,A-,134
2015,12,AA,13
2015,12,AA+,2
2015,12,AA-,38
2015,12,AAA,6
2015,12,B,131
2015,12,B+,153
2015,12,B-,59
2015,12,BB,143
2015,12,BB+,138
2015,12,BB-,152
2015,12,BBB,231
2015,12,BBB+,185
2015,12,BBB-,214
2015,12,CC,1
2015,12,CCC,8
2015,12,CCC+,33
2015,12,CCC-,3
2015,12,D,7
2015,12,SD,6
2016,1,A,101
2016,1,A+,55
2016,1,A-,131
2016,1,AA,13
2016,1,AA+,2
2016,1,AA-,36
2016,1,AAA,6
2016,1,B,128
2016,1,B+,142
2016,1,B-,59
2016,1,BB,144
2016,1,BB+,137
2016,1,BB-,151
2016,1,BBB,223
2016,1,BBB+,185
2016,1,BBB-,219
2016,1,CC,7
2016,1,CCC,8
2016,1,CCC+,29
2016,1,CCC-,4
2016,1,D,12
2016,1,SD,6
2016,2,A,100
2016,2,A+,58
2016,2,A-,127
2016,2,AA,13
2016,2,AA+,2
2016,2,AA-,33
2016,2,AAA,6
2016,2,B,113
2016,2,B+,144
2016,2,B-,72
2016,2,BB,141
2016,2,BB+,138
2016,2,BB-,154
2016,2,BBB,224
2016,2,BBB+,187
2016,2,BBB-,213
2016,2,CC,4
2016,2,CCC,7
2016,2,CCC+,34
2016,2,CCC-,5
2016,2,D,16
2016,2,SD,4
2016,3,A,103
2016,3,A+,54
2016,3,A-,126
2016,3,AA,13
2016,3,AA+,2
2016,3,AA-,33
2016,3,AAA,6
2016,3,B,111
2016,3,B+,143
2016,3,B-,65
2016,3,BB,142
2016,3,BB+,137
2016,3,BB-,155
2016,3,BBB,226
2016,3,BBB+,183
2016,3,BBB-,209
2016,3,CC,6
2016,3,CCC,10
2016,3,CCC+,33
2016,3,CCC-,7
2016,3,D,13
2016,3,SD,5
2016,4,A,102
2016,4,A+,53
2016,4,A-,126
2016,4,AA,13
2016,4,AA+,5
2016,4,AA-,33
2016,4,AAA,3
2016,4,B,111
2016,4,B+,141
2016,4,B-,63
2016,4,BB,140
2016,4,BB+,137
2016,4,BB-,158
2016,4,BBB,227
2016,4,BBB+,183
2016,4,BBB-,209
2016,4,CC,4
2016,4,CCC,8
2016,4,CCC+,35
2016,4,CCC-,7
2016,4,D,14
2016,4,SD,8
2016,5,A,101
2016,5,A+,50
2016,5,A-,130
2016,5,AA,13
2016,5,AA+,5
2016,5,AA-,33
2016,5,AAA,3
2016,5,B,114
2016,5,B+,138
2016,5,B-,61
2016,5,BB,139
2016,5,BB+,137
2016,5,BB-,159
2016,5,BBB,227
2016,5,BBB+,185
2016,5,BBB-,203
2016,5,CC,4
2016,5,CCC,8
2016,5,CCC+,38
2016,5,CCC-,7
2016,5,D,13
2016,5,SD,6
2016,6,A,100
2016,6,A+,51
2016,6,A-,132
2016,6,AA,13
2016,6,AA+,5
2016,6,AA-,33
2016,6,AAA,3
2016,6,B,118
2016,6,B+,131
2016,6,B-,59
2016,6,BB,138
2016,6,BB+,135
2016,6,BB-,162
2016,6,BBB,223
2016,6,BBB+,185
2016,6,BBB-,208
2016,6,CC,3
2016,6,CCC,10
2016,6,CCC+,38
2016,6,CCC-,5
2016,6,D,12
2016,6,SD,6
2016,7,A,103
2016,7,A+,49
2016,7,A-,130
2016,7,AA,13
2016,7,AA+,5
2016,7,AA-,32
2016,7,AAA,3
2016,7,B,117
2016,7,B+,134
2016,7,B-,57
2016,7,BB,141
2016,7,BB+,134
2016,7,BB-,159
2016,7,BBB,229
2016,7,BBB+,185
2016,7,BBB-,207
2016,7,CC,3
2016,7,CCC,12
2016,7,CCC+,38
2016,7,CCC-,4
2016,7,D,11
2016,7,SD,4
2016,8,A,104
2016,8,A+,49
2016,8,A-,129
2016,8,AA,14
2016,8,AA+,5
2016,8,AA-,31
2016,8,AAA,3
2016,8,B,118
2016,8,B+,128
2016,8,B-,59
2016,8,BB,139
2016,8,BB+,130
2016,8,BB-,165
2016,8,BBB,226
2016,8,BBB+,188
2016,8,BBB-,211
2016,8,CC,5
2016,8,CCC,11
2016,8,CCC+,36
2016,8,CCC-,3
2016,8,D,9
2016,8,SD,5
2016,9,A,101
2016,9,A+,49
2016,9,A-,128
2016,9,AA,14
2016,9,AA+,4
2016,9,AA-,32
2016,9,AAA,3
2016,9,B,111
2016,9,B+,130
2016,9,B-,65
2016,9,BB,140
2016,9,BB+,129
2016,9,BB-,170
2016,9,BBB,227
2016,9,BBB+,186
2016,9,BBB-,208
2016,9,CC,2
2016,9,CCC,12
2016,9,CCC+,35
2016,9,CCC-,4
2016,9,D,7
2016,9,SD,4
2016,10,A,100
2016,10,A+,49
2016,10,A-,131
2016,10,AA,14
2016,10,AA+,4
2016,10,AA-,32
2016,10,AAA,3
2016,10,B,110
2016,10,B+,132
2016,10,B-,66
2016,10,BB,141
2016,10,BB+,130
2016,10,BB-,174
2016,10,BBB,229
2016,10,BBB+,182
2016,10,BBB-,206
2016,10,CCC,14
2016,10,CCC+,37
2016,10,CCC-,4
2016,10,D,3
2016,11,A,102
2016,11,A+,48
2016,11,A-,131
2016,11,AA,14
2016,11,AA+,4
2016,11,AA-,32
2016,11,AAA,3
2016,11,B,113
2016,11,B+,126
2016,11,B-,66
2016,11,BB,140
2016,11,BB+,133
2016,11,BB-,177
2016,11,BBB,226
2016,11,BBB+,183
2016,11,BBB-,206
2016,11,CC,5
2016,11,CCC,12
2016,11,CCC+,33
2016,11,CCC-,5
2016,11,D,3
2016,12,A,104
2016,12,A+,49
2016,12,A-,130
2016,12,AA,14
2016,12,AA+,4
2016,12,AA-,32
2016,12,AAA,3
2016,12,B,113
2016,12,B+,125
2016,12,B-,65
2016,12,BB,140
2016,12,BB+,134
2016,12,BB-,173
2016,12,BBB,222
2016,12,BBB+,185
2016,12,BBB-,205
2016,12,CC,6
2016,12,CCC,8
2016,12,CCC+,33
2016,12,CCC-,5
2016,12,D,4
2016,12,SD,1
2017,1,A,103
2017,1,A+,48
2017,1,A-,127
2017,1,AA,14
2017,1,AA+,4
2017,1,AA-,32
2017,1,AAA,3
2017,1,B,117
2017,1,B+,122
2017,1,B-,65
2017,1,BB,141
2017,1,BB+,133
2017,1,BB-,175
2017,1,BBB,224
2017,1,BBB+,185
2017,1,BBB-,201
2017,1,CC,2
2017,1,CCC,8
2017,1,CCC+,32
2017,1,CCC-,8
2017,1,SD,1
2017,2,A,105
2017,2,A+,48
2017,2,A-,126
2017,2,AA,11
2017,2,AA+,6
2017,2,AA-,33
2017,2,AAA,2
2017,2,B,113
2017,2,B+,122
2017,2,B-,67
2017,2,BB,143
2017,2,BB+,136
2017,2,BB-,173
2017,2,BBB,223
2017,2,BBB+,184
2017,2,BBB-,199
2017,2,CC,1
2017,2,CCC,8
2017,2,CCC+,31
2017,2,CCC-,8
2017,2,D,1
2017,2,SD,1
